start_time,end_time,f_name,l_name,phone,pvt_email,type,calendar,price,is_paid,paid_online,certificate_code,notes,scheduled_on,label,scheduled_by,company_name,work_email,preferred_platforms,appointment_id,flags,emp_names_input,first_name,last_name,employee_names,nickname,short_type,company,c_per_emp,c_per_month,prepaid,starts,ends,note,bgn_per_hour,is_valid,contract_duration,concat_emp_company,total_per_emp,returns_or_not,trainer,concat_count,active_trainings_per_client,trainings_left,month,year,dayname,training_datetime,scheduled_date,training_end
2023-03-01 09:00:00,2023-03-01 09:50:00,Luke,Mayer,899321552,luke.mayer@yandex.ru,Novex: Онлайн тренинг за лидери|Online leadership training,Любомира Иванова | Lyubomira Ivanova,0.0,no,0.0,,,2023-02-22,,a client,Novex,l.mayer@novex.com,Zoom,991144853,,|Luke|Mayer|,LUKE,MAYER,Luke Mayer,LUAYEMAY,Онлайн,NOVEX,12.0,0.0,0.0,2022-04-01,31-Mar-2023,,50.0,1.0,364 days,LUAYEMAY|NOVEX,6,more then one session,Любомира Иванова,NOVEX|LUAYEMAY,6.0,6.0,March,2023,Wednesday,01-Mar-2023 09:00:00,22-Feb-2023,01-Mar-2023
2023-03-01 11:00:00,2023-03-01 11:50:00,Оханес,Червенкова,882085080,oxanes.chervenkova@gmail.com,Novex: Тренинг за лидери на живо | Leadership training in person,Георги Михайлов | Georgi Mihaylov,0.0,no,0.0,,,2023-02-21,,a client,Novex,o.chervenkova@novex.com,,990405710,"9,",|Оханес|Червенкова|,OHANES,CHERVENKOVA,Ohanes Chervenkova,OHHERCHE,На живо,NOVEX,12.0,0.0,0.0,2022-04-01,31-Mar-2023,,50.0,1.0,364 days,OHHERCHE|NOVEX,14,more then one session,Георги Михайлов,NOVEX|OHHERCHE,14.0,-2.0,March,2023,Wednesday,01-Mar-2023 11:00:00,21-Feb-2023,01-Mar-2023
2023-03-01 14:00:00,2023-03-01 14:50:00,Тодорин,Градинарова,811212213,todorin.gradinarova@yahoo.com,QuantumPeak:Тренинг за лидери на живо | Leadership training in person,Георги Михайлов | Georgi Mihaylov,0.0,no,0.0,,,2023-02-09,,a trainer,QuantumPeak,t.gradinarova@quantumpeak.com,,983483596,,|Тодорин|Градинарова|,TODORIN,GRADINAROVA,Todorin Gradinarova,TORADGRA,На живо,QUANTUMPEAK,20.0,0.0,0.0,2022-05-01,30-Apr-2023,,40.0,1.0,364 days,TORADGRA|QUANTUMPEAK,4,more then one session,Георги Михайлов,QUANTUMPEAK|TORADGRA,4.0,16.0,March,2023,Wednesday,01-Mar-2023 14:00:00,09-Feb-2023,01-Mar-2023
2023-03-01 14:00:00,2023-03-01 14:50:00,Леко,Сапунджиева,895231211,leko.sapundzhieva@gmail.com,VISION: Тренинг за лидери на живо | Leadership training in person,Димитър Петров | Dimitar Petrov,0.0,no,0.0,,,2023-02-24,,a trainer,,,,992645278,"2,",|Леко|Сапунджиева|,LEKO,SAPUNDZHIEVA,Leko Sapundzhieva,LEAPUEKO,На живо,VISION,3.0,0.0,0.0,2022-01-01,31-Dec-2022,,40.0,1.0,364 days,LEAPUEKO|VISION,3,more then one session,Димитър Петров,,,,March,2023,Wednesday,01-Mar-2023 14:00:00,24-Feb-2023,01-Mar-2023
2023-03-01 15:00:00,2023-03-01 15:50:00,Яким,Бобев,889132521,yakim.bobev@mail.bg,Swift Systems: Онлайн тренинг за лидери | Online leadership training,Георги Михайлов | Georgi Mihaylov,0.0,no,0.0,,,2023-02-16,,a client,Swift Systems,y.bobev@swift.systems.com,Google Meet,987565225,,|Яким|Бобев|,YAKIM,BOBEV,Yakim Bobev,YAOBEBOB,Онлайн,SWIFT SYSTEMS,9999.0,0.0,0.0,2022-04-01,30-Sep-2022,,50.0,1.0,182 days,YAOBEBOB|SWIFT SYSTEMS,13,more then one session,Георги Михайлов,,,,March,2023,Wednesday,01-Mar-2023 15:00:00,16-Feb-2023,01-Mar-2023
2023-03-01 16:00:00,2023-03-01 16:50:00,Георги,Парашкевов,888811192,georgi.parashkevov@mail.bg,Swift Systems: Онлайн тренинг за лидери | Online leadership training,Димитър Георгиев | Dimitar Georgiev,0.0,no,0.0,,,2023-02-23,,a client,Swift Systems,g.parashkevov@swift.systems.com,Viber,992084615,,|Георги|Парашкевов|,GEORGI,PARASHKEVOV,Georgi Parashkevov,GEARAPAR,Онлайн,SWIFT SYSTEMS,9999.0,0.0,0.0,2022-04-01,30-Sep-2022,,50.0,1.0,182 days,GEARAPAR|SWIFT SYSTEMS,47,more then one session,Димитър Георгиев,,,,March,2023,Wednesday,01-Mar-2023 16:00:00,23-Feb-2023,01-Mar-2023
2023-03-01 16:30:00,2023-03-01 17:20:00,Захаринка,Многознаева,888102255,zaxarinka.mnogoznaeva@yahoo.com,Swift Systems: Тренинг за лидери на живо | Leadership training in person,Цветелина Петрова | Tsvetelina Petrova,0.0,no,0.0,,,2023-02-24,,a trainer,Swift Systems,z.mnogoznaeva@swift.systems.com,,992612414,,|Захаринка|Многознаева|,ZAHARINKA,MNOGOZNAEVA,Zaharinka Mnogoznaeva,ZANOGMNO,На живо,SWIFT SYSTEMS,9999.0,0.0,0.0,2022-04-01,30-Sep-2022,,50.0,1.0,182 days,ZANOGMNO|SWIFT SYSTEMS,24,more then one session,Цветелина Петрова,,,,March,2023,Wednesday,01-Mar-2023 16:30:00,24-Feb-2023,01-Mar-2023
2023-03-01 17:00:00,2023-03-01 17:50:00,Звездислав,Лимонадов,883328221,zvezdislav.limonadov@mail.bg,ModernTech: Тренинг за лидери на живо | Leadership training in person,Димитър Петров | Dimitar Petrov,0.0,no,0.0,,,2023-02-15,,a client,ModernTech,z.limonadov@moderntech.com,,986812973,,|Звездислав|Лимонадов|,ZVEZDISLAV,LIMONADOV,Zvezdislav Limonadov,ZVIMOLIM,На живо,MODERNTECH,9999.0,0.0,0.0,1920-01-01,01-Jan-1920,,40.0,1.0,0 days,ZVIMOLIM|MODERNTECH,15,more then one session,Димитър Петров,,,,March,2023,Wednesday,01-Mar-2023 17:00:00,15-Feb-2023,01-Mar-2023
2023-03-01 18:00:00,2023-03-01 18:50:00,Angela,Miranda,885521133,angela.miranda@yahoo.co.uk,Swift Systems: Тренинг за лидери на живо | Leadership training in person,Жана Иванова | Zhana Ivanova,0.0,no,0.0,,,2023-02-16,,a client,Swift Systems,a.miranda@swift.systems.com,,987655830,,|Angela|Miranda|,ANGELA,MIRANDA,Angela Miranda,ANIRAMIR,На живо,SWIFT SYSTEMS,9999.0,0.0,0.0,2022-04-01,30-Sep-2022,,50.0,1.0,182 days,ANIRAMIR|SWIFT SYSTEMS,40,more then one session,Жана Иванова,,,,March,2023,Wednesday,01-Mar-2023 18:00:00,16-Feb-2023,01-Mar-2023
2023-03-02 08:30:00,2023-03-02 09:20:00,Стоимена,Кукуряшков,889133322,stoimena.kukuryashkov@abv.bg,Swift Systems: Тренинг за лидери на живо | Leadership training in person,Георги Михайлов | Georgi Mihaylov,0.0,no,0.0,,,2023-02-25,,a trainer,Swift Systems,s.kukuryashkov@swift.systems.com,,993285572,,|Стоимена|Кукуряшков|,STOIMENA,KUKURYASHKOV,Stoimena Kukuryashkov,STUKUKUK,На живо,SWIFT SYSTEMS,9999.0,0.0,0.0,2022-04-01,30-Sep-2022,,50.0,1.0,182 days,STUKUKUK|SWIFT SYSTEMS,21,more then one session,Георги Михайлов,,,,March,2023,Thursday,02-Mar-2023 08:30:00,25-Feb-2023,02-Mar-2023
2023-03-02 09:30:00,2023-03-02 10:20:00,Щедра,Точева-Клопова,882313532,shhedra.tocheva-klopova@yahoo.com,Swift Systems: Тренинг за лидери на живо | Leadership training in person,Георги Михайлов | Georgi Mihaylov,0.0,no,0.0,,,2023-02-25,,a trainer,Swift Systems,s.tocheva-klopova@swift.systems.com,,993285469,,|Щедра|Точева-Клопова|,SHTEDRA,TOCHEVA-KLOPOVA,Shtedra Tocheva-Klopova,SHOCHTOC,На живо,SWIFT SYSTEMS,9999.0,0.0,0.0,2022-04-01,30-Sep-2022,,50.0,1.0,182 days,SHOCHTOC|SWIFT SYSTEMS,13,more then one session,Георги Михайлов,,,,March,2023,Thursday,02-Mar-2023 09:30:00,25-Feb-2023,02-Mar-2023
2023-03-02 10:00:00,2023-03-02 10:50:00,Jaiden,Hodge,881112112,jaiden.hodge@yahoo.co.uk,WiseWay: Тренинг за лидери на живо | Leadership training in person,Радослав Иванов | Radoslav Ivanov,0.0,no,0.0,,,2023-02-28,,a client,WiseWay,j.hodge@wiseway.com,,995044520,,|Jaiden|Hodge|,JAIDEN,HODGE,Jaiden Hodge,JAODGHOD,На живо,WISEWAY,6.0,0.0,0.0,2022-02-01,31-Jan-2023,,50.0,1.0,364 days,JAODGHOD|WISEWAY,5,more then one session,Радослав Иванов,,,,March,2023,Thursday,02-Mar-2023 10:00:00,28-Feb-2023,02-Mar-2023
2023-03-02 11:30:00,2023-03-02 12:20:00,Мимоза,Пътечкова,883323212,mimoza.patechkova@gmail.com,Novex: Онлайн тренинг за лидери|Online leadership training,Веселин Стефанов | Veselin Stefanov,0.0,no,0.0,,,2023-02-21,,client logged in asmimoza.patechkova@gmail.com,Novex,m.patechkova@novex.com,"Zoom, Viber",990422055,"9,",|Мимоза|Пътечкова|,MIMOZA,PATECHKOVA,Mimoza Patechkova,MIATEPAT,Онлайн,NOVEX,12.0,0.0,0.0,2022-04-01,31-Mar-2023,,50.0,1.0,364 days,MIATEPAT|NOVEX,37,more then one session,Веселин Стефанов,NOVEX|MIATEPAT,37.0,-25.0,March,2023,Thursday,02-Mar-2023 11:30:00,21-Feb-2023,02-Mar-2023
2023-03-02 11:30:00,2023-03-02 12:20:00,Илиян,Ментешев,882112812,iliyan.menteshev@abv.bg,Swift Systems: Тренинг за лидери на живо | Leadership training in person,Георги Михайлов | Georgi Mihaylov,0.0,no,0.0,,,2023-02-25,,a trainer,Swift Systems,i.menteshev@swift.systems.com,,993285164,,|Илиян|Ментешев|,ILIYAN,MENTESHEV,Iliyan Menteshev,ILENTMEN,На живо,SWIFT SYSTEMS,9999.0,0.0,0.0,2022-04-01,30-Sep-2022,,50.0,1.0,182 days,ILENTMEN|SWIFT SYSTEMS,16,more then one session,Георги Михайлов,,,,March,2023,Thursday,02-Mar-2023 11:30:00,25-Feb-2023,02-Mar-2023
2023-03-02 13:00:00,2023-03-02 13:50:00,Хектор,Крушовска,883528082,xektor.krushovska@mail.bg,Swift Systems: Тренинг за лидери на живо | Leadership training in person,Цветелина Петрова | Tsvetelina Petrova,0.0,no,0.0,,,2023-02-24,,a trainer,Swift Systems,x.krushovska@swift.systems.com,,992612762,,|Хектор|Крушовска|,HEKTOR,KRUSHOVSKA,Hektor Krushovska,HERUSKRU,На живо,SWIFT SYSTEMS,9999.0,0.0,0.0,2022-04-01,30-Sep-2022,,50.0,1.0,182 days,HERUSKRU|SWIFT SYSTEMS,26,more then one session,Цветелина Петрова,,,,March,2023,Thursday,02-Mar-2023 13:00:00,24-Feb-2023,02-Mar-2023
2023-03-02 14:30:00,2023-03-02 15:20:00,Дуда,Бележкова,885921292,duda.belezhkova@abv.bg,Swift Systems: Онлайн тренинг за лидери | Online leadership training,Георги Михайлов | Georgi Mihaylov,0.0,no,0.0,,,2023-02-25,,a trainer,Swift Systems,d.belezhkova@swift.systems.com,Viber,993285036,,|Дуда|Бележкова|,DUDA,BELEZHKOVA,Duda Belezhkova,DUELEBEL,Онлайн,SWIFT SYSTEMS,9999.0,0.0,0.0,2022-04-01,30-Sep-2022,,50.0,1.0,182 days,DUELEBEL|SWIFT SYSTEMS,21,more then one session,Георги Михайлов,,,,March,2023,Thursday,02-Mar-2023 14:30:00,25-Feb-2023,02-Mar-2023
2023-03-02 15:30:00,2023-03-02 16:20:00,Хрисо,Габровлиева,889532182,xriso.gabrovlieva@mail.bg,Swift Systems: Тренинг за лидери на живо | Leadership training in person,Веселин Стефанов | Veselin Stefanov,0.0,no,0.0,,,2023-02-21,,a trainer,,,,990472418,"2,",|Хрисо|Габровлиева|,HRISO,GABROVLIEVA,Hriso Gabrovlieva,HRABRRIS,На живо,SWIFT SYSTEMS,9999.0,0.0,0.0,2022-04-01,30-Sep-2022,,50.0,1.0,182 days,HRABRRIS|SWIFT SYSTEMS,15,more then one session,Веселин Стефанов,,,,March,2023,Thursday,02-Mar-2023 15:30:00,21-Feb-2023,02-Mar-2023
2023-03-02 16:30:00,2023-03-02 17:20:00,Gavin,Miller,891052039,gavin.miller@msn.com,WiseWay: Онлайн тренинг за лидери | Online leadership training,Калина Петрова | Kalina Petrova,0.0,no,0.0,,,2023-02-26,,a client,WiseWay,g.miller@wiseway.com,Zoom,993698680,,|Gavin|Miller|,GAVIN,MILLER,Gavin Miller,GAILLMIL,Онлайн,WISEWAY,6.0,0.0,0.0,2022-02-01,31-Jan-2023,,50.0,1.0,364 days,GAILLMIL|WISEWAY,5,more then one session,Калина Петрова,,,,March,2023,Thursday,02-Mar-2023 16:30:00,26-Feb-2023,02-Mar-2023
2023-03-02 17:00:00,2023-03-02 17:50:00,Ясен,Кьоров,359882121321,yasen.kaorov@abv.bg,Novex: Тренинг за лидери на живо | Leadership training in person,Михаил Димитров | Mihail Dimitrov,0.0,no,0.0,,,2023-02-27,,a client,Novex,yasen.kaorov@abv.bg,,994266357,,|Ясен|Кьоров|,YASEN,KYOROV,Yasen Kyorov,YAYORASE,На живо,NOVEX,12.0,0.0,0.0,2022-04-01,31-Mar-2023,,50.0,1.0,364 days,YAYORASE|NOVEX,1,only one session,Михаил Димитров,NOVEX|YAYORASE,1.0,11.0,March,2023,Thursday,02-Mar-2023 17:00:00,27-Feb-2023,02-Mar-2023
2023-03-02 17:30:00,2023-03-02 18:20:00,Арсена,Градинарова,892313110,arsena.gradinarova@yahoo.com,Swift Systems: Онлайн тренинг за лидери | Online leadership training,Калина Петрова | Kalina Petrova,0.0,no,0.0,,,2023-02-22,,client logged in asarsena.gradinarova@yahoo.com,Swift Systems,a.gradinarova@swift.systems.com,Google Meet,991452503,,|Арсена|Градинарова|,ARSENA,GRADINAROVA,Arsena Gradinarova,ARRADGRA,Онлайн,SWIFT SYSTEMS,9999.0,0.0,0.0,2022-04-01,30-Sep-2022,,50.0,1.0,182 days,ARRADGRA|SWIFT SYSTEMS,6,more then one session,Калина Петрова,,,,March,2023,Thursday,02-Mar-2023 17:30:00,22-Feb-2023,02-Mar-2023
2023-03-02 19:00:00,2023-03-02 19:50:00,Isla,Bell,892301913,isla.bell@yahoo.co.uk,WiseWay: Тренинг за лидери на живо | Leadership training in person,Теодора Йорданова | Teodora Yordanova,0.0,no,0.0,,,2023-01-26,,a trainer,,,,974820920,"2,",|Isla|Bell|,ISLA,BELL,Isla Bell,ISELLSLA,На живо,WISEWAY,6.0,0.0,0.0,2022-02-01,31-Jan-2023,,50.0,1.0,364 days,ISELLSLA|WISEWAY,5,more then one session,Теодора Йорданова,,,,March,2023,Thursday,02-Mar-2023 19:00:00,26-Jan-2023,02-Mar-2023
2023-03-04 10:30:00,2023-03-04 11:20:00,Айдемир,Месаров,882200011,ajdemir.mesarov@mail.bg,Novex: Тренинг за лидери на живо | Leadership training in person,Камен Георгиев | Kamen Georgiev,0.0,no,0.0,,,2023-02-04,,a client,Novex,a.mesarov@novex.com,,980547886,,|Айдемир|Месаров|,AYDEMIR,MESAROV,Aydemir Mesarov,AYESAMES,На живо,NOVEX,12.0,0.0,0.0,2022-04-01,31-Mar-2023,,50.0,1.0,364 days,AYESAMES|NOVEX,9,more then one session,Камен Георгиев,NOVEX|AYESAMES,9.0,3.0,March,2023,Saturday,04-Mar-2023 10:30:00,04-Feb-2023,04-Mar-2023
2023-03-05 14:00:00,2023-03-05 14:50:00,Cristal,Chandler,898512822,cristal.chandler@yahoo.co.uk,Zetron: Тренинг за лидери на живо | Leadership training in person,Камен Георгиев | Kamen Georgiev,0.0,no,0.0,,,2023-01-23,,a client,,c.chandler@.com,,972806137,,|Cristal|Chandler|,CRISTAL,CHANDLER,Cristal Chandler,CRHANCHA,На живо,ZETRON,2.0,0.0,0.0,2022-06-01,31-Dec-2022,1,50.0,1.0,213 days,CRHANCHA|ZETRON,3,more then one session,Камен Георгиев,,,,March,2023,Sunday,05-Mar-2023 14:00:00,23-Jan-2023,05-Mar-2023
2023-03-06 10:00:00,2023-03-06 10:50:00,Amirah,Hood,818523212,amirah.hood@yandex.ru,ModernTech: Тренинг за лидери на живо | Leadership training in person,Калина Петрова | Kalina Petrova,0.0,no,0.0,,,2023-03-01,,a client,ModernTech,a.hood@moderntech.com,,995977652,,|Amirah|Hood|,AMIRAH,HOOD,Amirah Hood,AMOODHOO,На живо,MODERNTECH,9999.0,0.0,0.0,1920-01-01,01-Jan-1920,,40.0,1.0,0 days,AMOODHOO|MODERNTECH,4,more then one session,Калина Петрова,,,,March,2023,Monday,06-Mar-2023 10:00:00,01-Mar-2023,06-Mar-2023
2023-03-06 11:30:00,2023-03-06 12:20:00,Пепелота,Мангъфова,359889211222,pepelota.mangafova@gmail.com,SunriseCorp: Тренинг за лидери на живо | Leadership training in person,Георги Михайлов | Georgi Mihaylov,0.0,no,0.0,,,2023-02-24,,a client,SunriseCorp,p.mangafova@sunrisecorp.com,,992700969,,|Пепелота|Мангъфова|,PEPELOTA,MANGAFOVA,Pepelota Mangafova,PEANGMAN,На живо,SUNRISECORP,9999.0,0.0,0.0,1920-01-01,01-Jan-1920,,40.0,1.0,0 days,PEANGMAN|SUNRISECORP,2,more then one session,Георги Михайлов,,,,March,2023,Monday,06-Mar-2023 11:30:00,24-Feb-2023,06-Mar-2023
2023-03-06 15:00:00,2023-03-06 15:50:00,Ламби,Чуканов,,lambi.chukanov@mail.bg,Онлайн коучинг,Теодора Йорданова | Teodora Yordanova,0.0,no,0.0,,,2023-02-24,,a trainer,,,,992682191,"2,",|Ламби|Чуканов|,LAMBI,CHUKANOV,Lambi Chukanov,LAHUKAMB,Онлайн,ОНЛАЙН КОУЧИНГ,0.0,0.0,0.0,1920-01-01,01-Jan-1920,,0.0,0.0,0 days,LAHUKAMB|ОНЛАЙН КОУЧИНГ,12,more then one session,Теодора Йорданова,,,,March,2023,Monday,06-Mar-2023 15:00:00,24-Feb-2023,06-Mar-2023
2023-03-06 15:30:00,2023-03-06 16:20:00,Lorena,Mcdonald,359882252532,lorena.mcdonald@gmail.com,Agile Ideas: Онлайн тренинг за лидери | Online leadership training,Радослав Иванов | Radoslav Ivanov,0.0,no,0.0,,,2023-02-27,,a client,Agile Ideas,l.mcdonald@agile.ideas.com,Google Meet,994235087,,|Lorena|Mcdonald|,LORENA,MCDONALD,Lorena Mcdonald,LOCDOMCD,Онлайн,AGILE IDEAS,9999.0,0.0,0.0,1920-01-01,01-Jan-1920,,55.0,1.0,0 days,LOCDOMCD|AGILE IDEAS,2,more then one session,Радослав Иванов,,,,March,2023,Monday,06-Mar-2023 15:30:00,27-Feb-2023,06-Mar-2023
2023-03-06 18:00:00,2023-03-06 18:50:00,Nash,Harding,359818132229,nash.harding@msn.com,ModernTech: Тренинг за лидери на живо | Leadership training in person,Калина Петрова | Kalina Petrova,0.0,no,0.0,,,2023-02-20,,a client,ModernTech,n.harding@moderntech.com,,989897898,,|Nash|Harding|,NASH,HARDING,Nash Harding,NAARDHAR,На живо,MODERNTECH,9999.0,0.0,0.0,1920-01-01,01-Jan-1920,,40.0,1.0,0 days,NAARDHAR|MODERNTECH,23,more then one session,Калина Петрова,,,,March,2023,Monday,06-Mar-2023 18:00:00,20-Feb-2023,06-Mar-2023
2023-03-06 18:00:00,2023-03-06 18:50:00,Кети,Докова,893122212,keti.dokova@abv.bg,ModernTech: Онлайн тренинг за лидери | Online leadership training,София Димитрова | Sofia Dimitrova,0.0,no,0.0,,,2023-02-27,,a client,ModernTech,k.dokova@moderntech.com,Google Meet,994703033,,|Кети|Докова|,KETI,DOKOVA,Keti Dokova,KEOKODOK,Онлайн,MODERNTECH,9999.0,0.0,0.0,1920-01-01,01-Jan-1920,,40.0,1.0,0 days,KEOKODOK|MODERNTECH,7,more then one session,София Димитрова,,,,March,2023,Monday,06-Mar-2023 18:00:00,27-Feb-2023,06-Mar-2023
2023-03-07 08:30:00,2023-03-07 09:20:00,Лянка,Илиева,885201535,lyanka.ilieva@yahoo.com,Swift Systems: Онлайн тренинг за лидери | Online leadership training,Георги Михайлов | Georgi Mihaylov,0.0,no,0.0,,,2023-03-01,,a trainer,Swift Systems,l.ilieva@swift.systems.com,Google Meet,995817158,,|Лянка|Илиева|,LYANKA,ILIEVA,Lyanka Ilieva,LYLIEILI,Онлайн,SWIFT SYSTEMS,9999.0,0.0,0.0,2022-04-01,30-Sep-2022,,50.0,1.0,182 days,LYLIEILI|SWIFT SYSTEMS,22,more then one session,Георги Михайлов,,,,March,2023,Tuesday,07-Mar-2023 08:30:00,01-Mar-2023,07-Mar-2023
2023-03-07 09:00:00,2023-03-07 09:50:00,Явора,Вакрилов,888510102,yavora.vakrilov@abv.bg,Swift Systems: Тренинг за лидери на живо | Leadership training in person,Веселин Стефанов | Veselin Stefanov,0.0,no,0.0,,,2023-02-17,,a trainer,,,,988411517,"2,",|Явора|Вакрилов|,YAVORA,VAKRILOV,Yavora Vakrilov,YAAKRAVO,На живо,SWIFT SYSTEMS,9999.0,0.0,0.0,2022-04-01,30-Sep-2022,,50.0,1.0,182 days,YAAKRAVO|SWIFT SYSTEMS,18,more then one session,Веселин Стефанов,,,,March,2023,Tuesday,07-Mar-2023 09:00:00,17-Feb-2023,07-Mar-2023
2023-03-07 09:30:00,2023-03-07 10:20:00,Яким,Бобев,889132521,yakim.bobev@mail.bg,Swift Systems: Онлайн тренинг за лидери | Online leadership training,Георги Михайлов | Georgi Mihaylov,0.0,no,0.0,,,2023-03-01,,a client,Swift Systems,y.bobev@swift.systems.com,,995858746,,|Яким|Бобев|,YAKIM,BOBEV,Yakim Bobev,YAOBEBOB,Онлайн,SWIFT SYSTEMS,9999.0,0.0,0.0,2022-04-01,30-Sep-2022,,50.0,1.0,182 days,YAOBEBOB|SWIFT SYSTEMS,13,more then one session,Георги Михайлов,,,,March,2023,Tuesday,07-Mar-2023 09:30:00,01-Mar-2023,07-Mar-2023
2023-03-07 16:00:00,2023-03-07 16:50:00,Севда,Таралингова,888552132,sevda.taralingova@yahoo.com,SunriseCorp: Тренинг за лидери на живо | Leadership training in person,Жана Иванова | Zhana Ivanova,0.0,no,0.0,,,2023-03-05,,a client,SunriseCorp,s.taralingova@sunrisecorp.com,,998404258,,|Севда|Таралингова|,SEVDA,TARALINGOVA,Sevda Taralingova,SEARATAR,На живо,SUNRISECORP,9999.0,0.0,0.0,1920-01-01,01-Jan-1920,,40.0,1.0,0 days,SEARATAR|SUNRISECORP,2,more then one session,Жана Иванова,,,,March,2023,Tuesday,07-Mar-2023 16:00:00,05-Mar-2023,07-Mar-2023
2023-03-07 16:00:00,2023-03-07 16:50:00,Дуда,Бележкова,885921292,duda.belezhkova@abv.bg,Swift Systems: Онлайн тренинг за лидери | Online leadership training,Георги Михайлов | Georgi Mihaylov,0.0,no,0.0,,,2023-03-06,,a trainer,Swift Systems,d.belezhkova@swift.systems.com,,998798812,,|Дуда|Бележкова|,DUDA,BELEZHKOVA,Duda Belezhkova,DUELEBEL,Онлайн,SWIFT SYSTEMS,9999.0,0.0,0.0,2022-04-01,30-Sep-2022,,50.0,1.0,182 days,DUELEBEL|SWIFT SYSTEMS,21,more then one session,Георги Михайлов,,,,March,2023,Tuesday,07-Mar-2023 16:00:00,06-Mar-2023,07-Mar-2023
2023-03-07 18:00:00,2023-03-07 18:50:00,Пейолина,Бележкова,883353102,pejolina.belezhkova@abv.bg,Swift Systems: Онлайн тренинг за лидери | Online leadership training,София Димитрова | Sofia Dimitrova,0.0,no,0.0,,,2023-03-03,,a client,Swift Systems,pejolina.belezhkova@abv.bg,,997569677,,|Пейолина|Бележкова|,PEYOLINA,BELEZHKOVA,Peyolina Belezhkova,PEELEEJO,Онлайн,SWIFT SYSTEMS,9999.0,0.0,0.0,2022-04-01,30-Sep-2022,,50.0,1.0,182 days,PEELEEJO|SWIFT SYSTEMS,10,more then one session,София Димитрова,,,,March,2023,Tuesday,07-Mar-2023 18:00:00,03-Mar-2023,07-Mar-2023
2023-03-07 18:30:00,2023-03-07 19:20:00,Сисоя,Васовa,,,Онлайн коучинг,Теодора Йорданова | Teodora Yordanova,0.0,no,0.0,,,2023-03-04,,a trainer,,,,997828797,"2,3,4,",|Сисоя|Васовa|,SISOYA,VASOVA,Sisoya Vasova,SIASOXXX,Онлайн,ОНЛАЙН КОУЧИНГ,0.0,0.0,0.0,1920-01-01,01-Jan-1920,,0.0,0.0,0 days,SIASOXXX|ОНЛАЙН КОУЧИНГ,4,more then one session,Теодора Йорданова,,,,March,2023,Tuesday,07-Mar-2023 18:30:00,04-Mar-2023,07-Mar-2023
2023-03-07 19:00:00,2023-03-07 19:50:00,Антоалина,Монтянов,882230828,antoalina.montyanov@gmail.com,SunriseCorp: Онлайн тренинг за лидери | Online leadership training,София Димитрова | Sofia Dimitrova,0.0,no,0.0,,,2023-03-06,,a client,SunriseCorp,a.montyanov@sunrisecorp.com,,998906655,,|Антоалина|Монтянов|,ANTOALINA,MONTYANOV,Antoalina Montyanov,ANONTMON,Онлайн,SUNRISECORP,9999.0,0.0,0.0,1920-01-01,01-Jan-1920,,40.0,1.0,0 days,ANONTMON|SUNRISECORP,4,more then one session,София Димитрова,,,,March,2023,Tuesday,07-Mar-2023 19:00:00,06-Mar-2023,07-Mar-2023
2023-03-08 10:00:00,2023-03-08 10:50:00,Шино,Яназов,883210110,shino.yanazov@yahoo.com,Swift Systems: Тренинг за лидери на живо | Leadership training in person,Георги Михайлов | Georgi Mihaylov,0.0,no,0.0,,,2023-03-01,,a trainer,,,,995817382,"2,",|Шино|Яназов|,SHINO,YANAZOV,Shino Yanazov,SHANAHIN,На живо,SWIFT SYSTEMS,9999.0,0.0,0.0,2022-04-01,30-Sep-2022,,50.0,1.0,182 days,SHANAHIN|SWIFT SYSTEMS,4,more then one session,Георги Михайлов,,,,March,2023,Wednesday,08-Mar-2023 10:00:00,01-Mar-2023,08-Mar-2023
2023-03-08 12:00:00,2023-03-08 12:50:00,Виктория,Певецова,898291921,viktoriya.pevecova@mail.bg,Novex: Тренинг за лидери на живо | Leadership training in person,Димитър Георгиев | Dimitar Georgiev,0.0,no,0.0,,,2023-03-06,,a client,Novex,v.pevecova@novex.com,,998846859,"9,",|Виктория|Певецова|,VIKTORIYA,PEVETSOVA,Viktoriya Pevetsova,VIEVEPEV,На живо,NOVEX,12.0,0.0,0.0,2022-04-01,31-Mar-2023,,50.0,1.0,364 days,VIEVEPEV|NOVEX,15,more then one session,Димитър Георгиев,NOVEX|VIEVEPEV,15.0,-3.0,March,2023,Wednesday,08-Mar-2023 12:00:00,06-Mar-2023,08-Mar-2023
2023-03-08 14:30:00,2023-03-08 15:20:00,Mario,Carney,882339512,mario.carney@msn.com,SunriseCorp: Онлайн тренинг за лидери | Online leadership training,Георги Михайлов | Georgi Mihaylov,0.0,no,0.0,,,2023-02-27,,a client,SunriseCorp,mario.carney@msn.com,Zoom,994203564,,|Mario|Carney|,MARIO,CARNEY,Mario Carney,MAARNARI,Онлайн,SUNRISECORP,9999.0,0.0,0.0,1920-01-01,01-Jan-1920,,40.0,1.0,0 days,MAARNARI|SUNRISECORP,2,more then one session,Георги Михайлов,,,,March,2023,Wednesday,08-Mar-2023 14:30:00,27-Feb-2023,08-Mar-2023
2023-03-08 15:00:00,2023-03-08 15:50:00,Клара,Катърова,359812210222,klara.katarova@abv.bg,Novex: Онлайн тренинг за лидери|Online leadership training,Калина Петрова | Kalina Petrova,0.0,no,0.0,,,2023-03-03,,client logged in asklara.katarova@abv.bg,Novex,k.katarova@novex.com,,997388002,,|Клара|Катърова|,KLARA,KATAROVA,Klara Katarova,KLATAKAT,Онлайн,NOVEX,12.0,0.0,0.0,2022-04-01,31-Mar-2023,,50.0,1.0,364 days,KLATAKAT|NOVEX,8,more then one session,Калина Петрова,NOVEX|KLATAKAT,7.0,5.0,March,2023,Wednesday,08-Mar-2023 15:00:00,03-Mar-2023,08-Mar-2023
2023-03-08 16:00:00,2023-03-08 16:50:00,Георги,Парашкевов,888811192,georgi.parashkevov@mail.bg,Swift Systems: Онлайн тренинг за лидери | Online leadership training,Димитър Георгиев | Dimitar Georgiev,0.0,no,0.0,,,2023-03-01,,a client,Swift Systems,g.parashkevov@swift.systems.com,,995938588,,|Георги|Парашкевов|,GEORGI,PARASHKEVOV,Georgi Parashkevov,GEARAPAR,Онлайн,SWIFT SYSTEMS,9999.0,0.0,0.0,2022-04-01,30-Sep-2022,,50.0,1.0,182 days,GEARAPAR|SWIFT SYSTEMS,47,more then one session,Димитър Георгиев,,,,March,2023,Wednesday,08-Mar-2023 16:00:00,01-Mar-2023,08-Mar-2023
2023-03-08 16:00:00,2023-03-08 16:50:00,Gavin,Miller,891052039,gavin.miller@msn.com,WiseWay: Онлайн тренинг за лидери | Online leadership training,Калина Петрова | Kalina Petrova,0.0,no,0.0,,,2023-03-06,,a client,WiseWay,g.miller@wiseway.com,,998849181,,|Gavin|Miller|,GAVIN,MILLER,Gavin Miller,GAILLMIL,Онлайн,WISEWAY,6.0,0.0,0.0,2022-02-01,31-Jan-2023,,50.0,1.0,364 days,GAILLMIL|WISEWAY,5,more then one session,Калина Петрова,,,,March,2023,Wednesday,08-Mar-2023 16:00:00,06-Mar-2023,08-Mar-2023
2023-03-08 16:30:00,2023-03-08 17:20:00,Захаринка,Многознаева,888102255,zaxarinka.mnogoznaeva@yahoo.com,Swift Systems: Тренинг за лидери на живо | Leadership training in person,Цветелина Петрова | Tsvetelina Petrova,0.0,no,0.0,,,2023-03-03,,a trainer,Swift Systems,z.mnogoznaeva@swift.systems.com,,997365622,,|Захаринка|Многознаева|,ZAHARINKA,MNOGOZNAEVA,Zaharinka Mnogoznaeva,ZANOGMNO,На живо,SWIFT SYSTEMS,9999.0,0.0,0.0,2022-04-01,30-Sep-2022,,50.0,1.0,182 days,ZANOGMNO|SWIFT SYSTEMS,24,more then one session,Цветелина Петрова,,,,March,2023,Wednesday,08-Mar-2023 16:30:00,03-Mar-2023,08-Mar-2023
2023-03-08 17:00:00,2023-03-08 17:50:00,Angela,Miranda,885521133,angela.miranda@yahoo.co.uk,Swift Systems: Тренинг за лидери на живо | Leadership training in person,Жана Иванова | Zhana Ivanova,0.0,no,0.0,,,2023-03-02,,a client,Swift Systems,a.miranda@swift.systems.com,,996599588,,|Angela|Miranda|,ANGELA,MIRANDA,Angela Miranda,ANIRAMIR,На живо,SWIFT SYSTEMS,9999.0,0.0,0.0,2022-04-01,30-Sep-2022,,50.0,1.0,182 days,ANIRAMIR|SWIFT SYSTEMS,40,more then one session,Жана Иванова,,,,March,2023,Wednesday,08-Mar-2023 17:00:00,02-Mar-2023,08-Mar-2023
2023-03-08 17:00:00,2023-03-08 17:50:00,Звездислав,Лимонадов,883328221,zvezdislav.limonadov@mail.bg,ModernTech: Тренинг за лидери на живо | Leadership training in person,Димитър Петров | Dimitar Petrov,0.0,no,0.0,,,2023-03-05,,a client,ModernTech,z.limonadov@moderntech.com,,998453137,,|Звездислав|Лимонадов|,ZVEZDISLAV,LIMONADOV,Zvezdislav Limonadov,ZVIMOLIM,На живо,MODERNTECH,9999.0,0.0,0.0,1920-01-01,01-Jan-1920,,40.0,1.0,0 days,ZVIMOLIM|MODERNTECH,15,more then one session,Димитър Петров,,,,March,2023,Wednesday,08-Mar-2023 17:00:00,05-Mar-2023,08-Mar-2023
2023-03-08 18:00:00,2023-03-08 18:50:00,Ъглен,Николов,882181103,aglen.nikolov@mail.bg,Agile Ideas: Тренинг за лидери на живо | Leadership training in person,Калина Петрова | Kalina Petrova,0.0,no,0.0,,,2023-03-01,,a client,Agile Ideas,a.nikolov@agile.ideas.com,,995774450,,|Ъглен|Николов|,AGLEN,NIKOLOV,Aglen Nikolov,AGIKONIK,На живо,AGILE IDEAS,9999.0,0.0,0.0,1920-01-01,01-Jan-1920,,55.0,1.0,0 days,AGIKONIK|AGILE IDEAS,3,more then one session,Калина Петрова,,,,March,2023,Wednesday,08-Mar-2023 18:00:00,01-Mar-2023,08-Mar-2023
2023-03-09 08:30:00,2023-03-09 09:20:00,Стоимена,Кукуряшков,889133322,stoimena.kukuryashkov@abv.bg,Swift Systems: Тренинг за лидери на живо | Leadership training in person,Георги Михайлов | Georgi Mihaylov,0.0,no,0.0,,,2023-03-06,,a trainer,Swift Systems,s.kukuryashkov@swift.systems.com,,998799491,,|Стоимена|Кукуряшков|,STOIMENA,KUKURYASHKOV,Stoimena Kukuryashkov,STUKUKUK,На живо,SWIFT SYSTEMS,9999.0,0.0,0.0,2022-04-01,30-Sep-2022,,50.0,1.0,182 days,STUKUKUK|SWIFT SYSTEMS,21,more then one session,Георги Михайлов,,,,March,2023,Thursday,09-Mar-2023 08:30:00,06-Mar-2023,09-Mar-2023
2023-03-09 08:45:00,2023-03-09 09:35:00,Jaiden,Hodge,881112112,jaiden.hodge@yahoo.co.uk,WiseWay: Тренинг за лидери на живо | Leadership training in person,Радослав Иванов | Radoslav Ivanov,0.0,no,0.0,,,2023-03-06,,client logged in asjaiden.hodge@yahoo.co.uk,WiseWay,j.hodge@wiseway.com,,998812617,,|Jaiden|Hodge|,JAIDEN,HODGE,Jaiden Hodge,JAODGHOD,На живо,WISEWAY,6.0,0.0,0.0,2022-02-01,31-Jan-2023,,50.0,1.0,364 days,JAODGHOD|WISEWAY,5,more then one session,Радослав Иванов,,,,March,2023,Thursday,09-Mar-2023 08:45:00,06-Mar-2023,09-Mar-2023
2023-03-09 09:30:00,2023-03-09 10:20:00,Kaden,Ramirez,883288212,kaden.ramirez@msn.com,SunriseCorp: Тренинг за лидери на живо | Leadership training in person,Георги Михайлов | Georgi Mihaylov,0.0,no,0.0,,,2023-03-02,,a client,SunriseCorp,k.ramirez@sunrisecorp.com,,996664486,,|Kaden|Ramirez|,KADEN,RAMIREZ,Kaden Ramirez,KAAMIRAM,На живо,SUNRISECORP,9999.0,0.0,0.0,1920-01-01,01-Jan-1920,,40.0,1.0,0 days,KAAMIRAM|SUNRISECORP,1,only one session,Георги Михайлов,,,,March,2023,Thursday,09-Mar-2023 09:30:00,02-Mar-2023,09-Mar-2023
2023-03-09 09:30:00,2023-03-09 10:20:00,Чора,Кривошапкова,893552253,chora.krivoshapkova@gmail.com,Swift Systems: Тренинг за лидери на живо | Leadership training in person,Виктория Христова | Viktoriya Hristova,0.0,no,0.0,,,2023-03-06,,a client,Swift Systems,c.krivoshapkova@swift.systems.com,,998885911,,|Чора|Кривошапкова|,CHORA,KRIVOSHAPKOVA,Chora Krivoshapkova,CHRIVKRI,На живо,SWIFT SYSTEMS,9999.0,0.0,0.0,2022-04-01,30-Sep-2022,,50.0,1.0,182 days,CHRIVKRI|SWIFT SYSTEMS,2,more then one session,Виктория Христова,,,,March,2023,Thursday,09-Mar-2023 09:30:00,06-Mar-2023,09-Mar-2023
2023-03-09 13:00:00,2023-03-09 13:50:00,Cameron,Solomon,890210222,cameron.solomon@yahoo.co.uk,Prodigy: Онлайн тренинг за лидери,Калина Петрова | Kalina Petrova,0.0,no,0.0,,,2023-02-20,,a client,Vortex,c.solomon@vortex.com,Zoom,989747395,,|Cameron|Solomon|,CAMERON,SOLOMON,Cameron Solomon,CAOLOSOL,Онлайн,PRODIGY,6.0,1.0,0.0,2022-07-01,30-Nov-2022,,40.0,1.0,152 days,CAOLOSOL|PRODIGY,3,more then one session,Калина Петрова,,,,March,2023,Thursday,09-Mar-2023 13:00:00,20-Feb-2023,09-Mar-2023
2023-03-09 15:30:00,2023-03-09 16:20:00,Хрисо,Габровлиева,889532182,xriso.gabrovlieva@mail.bg,Swift Systems: Тренинг за лидери на живо | Leadership training in person,Веселин Стефанов | Veselin Stefanov,0.0,no,0.0,,,2023-03-02,,a trainer,,,,996726711,"2,",|Хрисо|Габровлиева|,HRISO,GABROVLIEVA,Hriso Gabrovlieva,HRABRRIS,На живо,SWIFT SYSTEMS,9999.0,0.0,0.0,2022-04-01,30-Sep-2022,,50.0,1.0,182 days,HRABRRIS|SWIFT SYSTEMS,15,more then one session,Веселин Стефанов,,,,March,2023,Thursday,09-Mar-2023 15:30:00,02-Mar-2023,09-Mar-2023
2023-03-09 17:00:00,2023-03-09 17:50:00,Арсена,Градинарова,892313110,arsena.gradinarova@yahoo.com,Swift Systems: Онлайн тренинг за лидери | Online leadership training,Калина Петрова | Kalina Petrova,0.0,no,0.0,,,2023-03-02,,client logged in asarsena.gradinarova@yahoo.com,Swift Systems,a.gradinarova@swift.systems.com,,996818247,,|Арсена|Градинарова|,ARSENA,GRADINAROVA,Arsena Gradinarova,ARRADGRA,Онлайн,SWIFT SYSTEMS,9999.0,0.0,0.0,2022-04-01,30-Sep-2022,,50.0,1.0,182 days,ARRADGRA|SWIFT SYSTEMS,6,more then one session,Калина Петрова,,,,March,2023,Thursday,09-Mar-2023 17:00:00,02-Mar-2023,09-Mar-2023
2023-03-09 18:00:00,2023-03-09 18:50:00,Олимпи,Кобиларов,898205052,olimpi.kobilarov@gmail.com,Agile Ideas: Онлайн тренинг за лидери | Online leadership training,Жана Иванова | Zhana Ivanova,0.0,no,0.0,,,2023-02-23,,a client,Agile Ideas,o.kobilarov@agile.ideas.com,"Zoom, Google Meet",992008103,,|Олимпи|Кобиларов|,OLIMPI,KOBILAROV,Olimpi Kobilarov,OLOBIKOB,Онлайн,AGILE IDEAS,9999.0,0.0,0.0,1920-01-01,01-Jan-1920,,55.0,1.0,0 days,OLOBIKOB|AGILE IDEAS,1,only one session,Жана Иванова,,,,March,2023,Thursday,09-Mar-2023 18:00:00,23-Feb-2023,09-Mar-2023
2023-03-09 18:00:00,2023-03-09 18:50:00,Маргит,Татьозов,885029822,margit.tataozov@mail.bg,Agile Ideas: Онлайн тренинг за лидери | Online leadership training,Калина Петрова | Kalina Petrova,0.0,no,0.0,,,2023-02-24,,a client,Agile Ideas,m.tataozov@agile.ideas.com,Google Meet,992779757,,|Маргит|Татьозов|,MARGIT,TATYOZOV,Margit Tatyozov,MAATYTAT,Онлайн,AGILE IDEAS,9999.0,0.0,0.0,1920-01-01,01-Jan-1920,,55.0,1.0,0 days,MAATYTAT|AGILE IDEAS,2,more then one session,Калина Петрова,,,,March,2023,Thursday,09-Mar-2023 18:00:00,24-Feb-2023,09-Mar-2023
2023-03-09 18:00:00,2023-03-09 18:50:00,Гико,Пондьов,892821911,giko.pondaov@abv.bg,Swift Systems: Тренинг за лидери на живо | Leadership training in person,Димитър Петров | Dimitar Petrov,0.0,no,0.0,,,2023-02-27,,a client,Swift Systems,g.pondaov@swift.systems.com,,994216007,,|Гико|Пондьов|,GIKO,PONDYOV,Giko Pondyov,GIONDPON,На живо,SWIFT SYSTEMS,9999.0,0.0,0.0,2022-04-01,30-Sep-2022,,50.0,1.0,182 days,GIONDPON|SWIFT SYSTEMS,27,more then one session,Димитър Петров,,,,March,2023,Thursday,09-Mar-2023 18:00:00,27-Feb-2023,09-Mar-2023
2023-03-09 18:00:00,2023-03-09 18:50:00,Божинел,Пенджакова,,bozhinel.pendzhakova@abv.bg,Онлайн коучинг,Теодора Йорданова | Teodora Yordanova,0.0,no,0.0,,,2023-02-28,,a trainer,,,,995156840,"2,",|Божинел|Пенджакова|,BOZHINEL,PENDZHAKOVA,Bozhinel Pendzhakova,BOENDOZH,Онлайн,ОНЛАЙН КОУЧИНГ,0.0,0.0,0.0,1920-01-01,01-Jan-1920,,0.0,0.0,0 days,BOENDOZH|ОНЛАЙН КОУЧИНГ,6,more then one session,Теодора Йорданова,,,,March,2023,Thursday,09-Mar-2023 18:00:00,28-Feb-2023,09-Mar-2023
2023-03-09 19:00:00,2023-03-09 19:50:00,Isla,Bell,892301913,isla.bell@yahoo.co.uk,WiseWay: Тренинг за лидери на живо | Leadership training in person,Теодора Йорданова | Teodora Yordanova,0.0,no,0.0,,,2023-01-26,,a trainer,,,,974820921,"2,",|Isla|Bell|,ISLA,BELL,Isla Bell,ISELLSLA,На живо,WISEWAY,6.0,0.0,0.0,2022-02-01,31-Jan-2023,,50.0,1.0,364 days,ISELLSLA|WISEWAY,5,more then one session,Теодора Йорданова,,,,March,2023,Thursday,09-Mar-2023 19:00:00,26-Jan-2023,09-Mar-2023
2023-03-10 09:00:00,2023-03-10 09:50:00,Luke,Mayer,899321552,luke.mayer@yandex.ru,Novex: Онлайн тренинг за лидери|Online leadership training,Любомира Иванова | Lyubomira Ivanova,0.0,no,0.0,,,2023-03-01,,a client,Novex,l.mayer@novex.com,Zoom,995769611,,|Luke|Mayer|,LUKE,MAYER,Luke Mayer,LUAYEMAY,Онлайн,NOVEX,12.0,0.0,0.0,2022-04-01,31-Mar-2023,,50.0,1.0,364 days,LUAYEMAY|NOVEX,6,more then one session,Любомира Иванова,NOVEX|LUAYEMAY,6.0,6.0,March,2023,Friday,10-Mar-2023 09:00:00,01-Mar-2023,10-Mar-2023
2023-03-10 12:00:00,2023-03-10 12:50:00,Мимоза,Пътечкова,883323212,mimoza.patechkova@gmail.com,Novex: Онлайн тренинг за лидери|Online leadership training,Веселин Стефанов | Veselin Stefanov,0.0,no,0.0,,,2023-02-21,,client logged in asmimoza.patechkova@gmail.com,Novex,m.patechkova@novex.com,"Zoom, Viber",990422253,"9,",|Мимоза|Пътечкова|,MIMOZA,PATECHKOVA,Mimoza Patechkova,MIATEPAT,Онлайн,NOVEX,12.0,0.0,0.0,2022-04-01,31-Mar-2023,,50.0,1.0,364 days,MIATEPAT|NOVEX,37,more then one session,Веселин Стефанов,NOVEX|MIATEPAT,37.0,-25.0,March,2023,Friday,10-Mar-2023 12:00:00,21-Feb-2023,10-Mar-2023
2023-03-10 13:00:00,2023-03-10 13:50:00,Павилия,Мангъфова,818221225,paviliya.mangafova@yahoo.com,SunriseCorp: Онлайн тренинг за лидери | Online leadership training,Жана Иванова | Zhana Ivanova,0.0,no,0.0,,,2023-02-17,,a client,SunriseCorp,paviliya.mangafova@yahoo.com,"Zoom, Google Meet",988215493,,|Павилия|Мангъфова|,PAVILIYA,MANGAFOVA,Paviliya Mangafova,PAANGAVI,Онлайн,SUNRISECORP,9999.0,0.0,0.0,1920-01-01,01-Jan-1920,,40.0,1.0,0 days,PAANGAVI|SUNRISECORP,4,more then one session,Жана Иванова,,,,March,2023,Friday,10-Mar-2023 13:00:00,17-Feb-2023,10-Mar-2023
2023-03-10 16:00:00,2023-03-10 16:50:00,Фуга,Сланинкова,883312022,fuga.slaninkova@abv.bg,Novex: Онлайн тренинг за лидери|Online leadership training,Калина Петрова | Kalina Petrova,0.0,no,0.0,,,2023-03-08,,a client,Novex,f.slaninkova@novex.com,,1000427692,"9,",|Фуга|Сланинкова|,FUGA,SLANINKOVA,Fuga Slaninkova,FULANSLA,Онлайн,NOVEX,12.0,0.0,0.0,2022-04-01,31-Mar-2023,,50.0,1.0,364 days,FULANSLA|NOVEX,11,more then one session,Калина Петрова,NOVEX|FULANSLA,11.0,1.0,March,2023,Friday,10-Mar-2023 16:00:00,08-Mar-2023,10-Mar-2023
2023-03-12 13:00:00,2023-03-12 13:50:00,Койно,Певецова,359885031511,kojno.pevecova@yahoo.com,Novex: Тренинг за лидери на живо | Leadership training in person,Камен Георгиев | Kamen Georgiev,0.0,no,0.0,,,2023-03-07,,a client,Novex,k.pevecova@novex.com,,999615301,,|Койно|Певецова|,KOYNO,PEVETSOVA,Koyno Pevetsova,KOEVEPEV,На живо,NOVEX,12.0,0.0,0.0,2022-04-01,31-Mar-2023,,50.0,1.0,364 days,KOEVEPEV|NOVEX,5,more then one session,Камен Георгиев,NOVEX|KOEVEPEV,5.0,7.0,March,2023,Sunday,12-Mar-2023 13:00:00,07-Mar-2023,12-Mar-2023
2023-03-13 11:00:00,2023-03-13 11:50:00,Amirah,Hood,818523212,amirah.hood@yandex.ru,ModernTech: Тренинг за лидери на живо | Leadership training in person,Калина Петрова | Kalina Petrova,0.0,no,0.0,,,2023-03-08,,a client,ModernTech,a.hood@moderntech.com,,1000369041,,|Amirah|Hood|,AMIRAH,HOOD,Amirah Hood,AMOODHOO,На живо,MODERNTECH,9999.0,0.0,0.0,1920-01-01,01-Jan-1920,,40.0,1.0,0 days,AMOODHOO|MODERNTECH,4,more then one session,Калина Петрова,,,,March,2023,Monday,13-Mar-2023 11:00:00,08-Mar-2023,13-Mar-2023
2023-03-13 14:00:00,2023-03-13 14:50:00,Ламби,Чуканов,,lambi.chukanov@mail.bg,Онлайн коучинг,Теодора Йорданова | Teodora Yordanova,0.0,no,0.0,,,2023-03-06,,a trainer,,,,998920054,"2,",|Ламби|Чуканов|,LAMBI,CHUKANOV,Lambi Chukanov,LAHUKAMB,Онлайн,ОНЛАЙН КОУЧИНГ,0.0,0.0,0.0,1920-01-01,01-Jan-1920,,0.0,0.0,0 days,LAHUKAMB|ОНЛАЙН КОУЧИНГ,12,more then one session,Теодора Йорданова,,,,March,2023,Monday,13-Mar-2023 14:00:00,06-Mar-2023,13-Mar-2023
2023-03-13 18:00:00,2023-03-13 18:50:00,Nash,Harding,359818132229,nash.harding@msn.com,ModernTech: Тренинг за лидери на живо | Leadership training in person,Калина Петрова | Kalina Petrova,0.0,no,0.0,,,2023-03-08,,a client,ModernTech,n.harding@moderntech.com,,1000443997,,|Nash|Harding|,NASH,HARDING,Nash Harding,NAARDHAR,На живо,MODERNTECH,9999.0,0.0,0.0,1920-01-01,01-Jan-1920,,40.0,1.0,0 days,NAARDHAR|MODERNTECH,23,more then one session,Калина Петрова,,,,March,2023,Monday,13-Mar-2023 18:00:00,08-Mar-2023,13-Mar-2023
2023-03-13 19:00:00,2023-03-13 19:50:00,Lorena,Mcdonald,359882252532,lorena.mcdonald@gmail.com,Agile Ideas: Онлайн тренинг за лидери | Online leadership training,Радослав Иванов | Radoslav Ivanov,0.0,no,0.0,,,2023-03-10,,client logged in aslorena.mcdonald@gmail.com,Agile Ideas,l.mcdonald@agile.ideas.com,,1001810733,,|Lorena|Mcdonald|,LORENA,MCDONALD,Lorena Mcdonald,LOCDOMCD,Онлайн,AGILE IDEAS,9999.0,0.0,0.0,1920-01-01,01-Jan-1920,,55.0,1.0,0 days,LOCDOMCD|AGILE IDEAS,2,more then one session,Радослав Иванов,,,,March,2023,Monday,13-Mar-2023 19:00:00,10-Mar-2023,13-Mar-2023
2023-03-14 12:00:00,2023-03-14 12:50:00,India,Mccullough,353811259302,india.mccullough@yandex.ru,Онлайн сесия / Online session,Веселин Стефанов | Veselin Stefanov,0.0,no,0.0,,,2023-02-27,,a client,iNdigo,i.mccullough@indigo.com,Skype,994230861,,|India|Mccullough|,INDIA,MCCULLOUGH,India Mccullough,INCCUMCC,Онлайн,ОНЛАЙН СЕСИЯ,,,,,,,,,,INCCUMCC|ОНЛАЙН СЕСИЯ,1,only one session,Веселин Стефанов,,,,March,2023,Tuesday,14-Mar-2023 12:00:00,27-Feb-2023,14-Mar-2023
2023-03-15 09:00:00,2023-03-15 09:50:00,Пано,Габровлиева,819510022,pano.gabrovlieva@abv.bg,Novex: Онлайн тренинг за лидери|Online leadership training,Веселин Стефанов | Veselin Stefanov,0.0,no,0.0,,,2023-03-08,,a client,Novex,p.gabrovlieva@novex.com,,1000426977,,|Пано|Габровлиева|,PANO,GABROVLIEVA,Pano Gabrovlieva,PAABRGAB,Онлайн,NOVEX,12.0,0.0,0.0,2022-04-01,31-Mar-2023,,50.0,1.0,364 days,PAABRGAB|NOVEX,2,more then one session,Веселин Стефанов,NOVEX|PAABRGAB,2.0,10.0,March,2023,Wednesday,15-Mar-2023 09:00:00,08-Mar-2023,15-Mar-2023
2023-03-15 11:30:00,2023-03-15 12:20:00,Мимоза,Пътечкова,883323212,mimoza.patechkova@gmail.com,Novex: Онлайн тренинг за лидери|Online leadership training,Веселин Стефанов | Veselin Stefanov,0.0,no,0.0,,,2023-03-06,,client logged in asmimoza.patechkova@gmail.com,Novex,m.patechkova@novex.com,,998828103,"9,",|Мимоза|Пътечкова|,MIMOZA,PATECHKOVA,Mimoza Patechkova,MIATEPAT,Онлайн,NOVEX,12.0,0.0,0.0,2022-04-01,31-Mar-2023,,50.0,1.0,364 days,MIATEPAT|NOVEX,37,more then one session,Веселин Стефанов,NOVEX|MIATEPAT,37.0,-25.0,March,2023,Wednesday,15-Mar-2023 11:30:00,06-Mar-2023,15-Mar-2023
2023-03-15 13:30:00,2023-03-15 14:20:00,Agustin,Ashley,889332922,agustin.ashley@yahoo.co.uk,SunriseCorp: Тренинг за лидери на живо | Leadership training in person,Валентинка Петкова | Valentinaka Petkova,0.0,no,0.0,,,2023-02-20,,a client,SunriseCorp,a.ashley@sunrisecorp.com,,989772919,,|Agustin|Ashley|,AGUSTIN,ASHLEY,Agustin Ashley,AGSHLASH,На живо,SUNRISECORP,9999.0,0.0,0.0,1920-01-01,01-Jan-1920,,40.0,1.0,0 days,AGSHLASH|SUNRISECORP,5,more then one session,Валентинка Петкова,,,,March,2023,Wednesday,15-Mar-2023 13:30:00,20-Feb-2023,15-Mar-2023
2023-03-15 15:00:00,2023-03-15 15:50:00,Хачо,Иванов,819803910,xacho.ivanov@yahoo.com,Novex: Тренинг за лидери на живо | Leadership training in person,Димитър Петров | Dimitar Petrov,0.0,no,0.0,,,2023-02-17,,a client,Novex,x.ivanov@novex.com,,988166147,,|Хачо|Иванов|,HACHO,IVANOV,Hacho Ivanov,HAVANIVA,На живо,NOVEX,12.0,0.0,0.0,2022-04-01,31-Mar-2023,,50.0,1.0,364 days,HAVANIVA|NOVEX,7,more then one session,Димитър Петров,NOVEX|HAVANIVA,7.0,5.0,March,2023,Wednesday,15-Mar-2023 15:00:00,17-Feb-2023,15-Mar-2023
2023-03-15 16:00:00,2023-03-15 16:50:00,Севда,Таралингова,888552132,sevda.taralingova@yahoo.com,SunriseCorp: Тренинг за лидери на живо | Leadership training in person,Жана Иванова | Zhana Ivanova,0.0,no,0.0,,,2023-03-09,,a client,SunriseCorp,s.taralingova@sunrisecorp.com,,1001115968,,|Севда|Таралингова|,SEVDA,TARALINGOVA,Sevda Taralingova,SEARATAR,На живо,SUNRISECORP,9999.0,0.0,0.0,1920-01-01,01-Jan-1920,,40.0,1.0,0 days,SEARATAR|SUNRISECORP,2,more then one session,Жана Иванова,,,,March,2023,Wednesday,15-Mar-2023 16:00:00,09-Mar-2023,15-Mar-2023
2023-03-15 16:30:00,2023-03-15 17:20:00,Захаринка,Многознаева,888102255,zaxarinka.mnogoznaeva@yahoo.com,Swift Systems: Тренинг за лидери на живо | Leadership training in person,Цветелина Петрова | Tsvetelina Petrova,0.0,no,0.0,,,2023-03-10,,a trainer,Swift Systems,z.mnogoznaeva@swift.systems.com,,1001812238,,|Захаринка|Многознаева|,ZAHARINKA,MNOGOZNAEVA,Zaharinka Mnogoznaeva,ZANOGMNO,На живо,SWIFT SYSTEMS,9999.0,0.0,0.0,2022-04-01,30-Sep-2022,,50.0,1.0,182 days,ZANOGMNO|SWIFT SYSTEMS,24,more then one session,Цветелина Петрова,,,,March,2023,Wednesday,15-Mar-2023 16:30:00,10-Mar-2023,15-Mar-2023
2023-03-15 18:00:00,2023-03-15 18:50:00,Леко,Сапунджиева,895231211,leko.sapundzhieva@gmail.com,VISION: Тренинг за лидери на живо | Leadership training in person,Димитър Петров | Dimitar Petrov,0.0,no,0.0,,,2023-02-27,,a client,VISION,leko.sapundzhieva@gmail.com,,994235613,,|Леко|Сапунджиева|,LEKO,SAPUNDZHIEVA,Leko Sapundzhieva,LEAPUEKO,На живо,VISION,3.0,0.0,0.0,2022-01-01,31-Dec-2022,,40.0,1.0,364 days,LEAPUEKO|VISION,3,more then one session,Димитър Петров,,,,March,2023,Wednesday,15-Mar-2023 18:00:00,27-Feb-2023,15-Mar-2023
2023-03-15 18:30:00,2023-03-15 19:20:00,Антоалина,Монтянов,882230828,antoalina.montyanov@gmail.com,SunriseCorp: Онлайн тренинг за лидери | Online leadership training,София Димитрова | Sofia Dimitrova,0.0,no,0.0,,,2023-03-10,,a client,SunriseCorp,a.montyanov@sunrisecorp.com,,1001972632,,|Антоалина|Монтянов|,ANTOALINA,MONTYANOV,Antoalina Montyanov,ANONTMON,Онлайн,SUNRISECORP,9999.0,0.0,0.0,1920-01-01,01-Jan-1920,,40.0,1.0,0 days,ANONTMON|SUNRISECORP,4,more then one session,София Димитрова,,,,March,2023,Wednesday,15-Mar-2023 18:30:00,10-Mar-2023,15-Mar-2023
2023-03-16 08:45:00,2023-03-16 09:35:00,Jaiden,Hodge,881112112,jaiden.hodge@yahoo.co.uk,WiseWay: Тренинг за лидери на живо | Leadership training in person,Радослав Иванов | Radoslav Ivanov,0.0,no,0.0,,,2023-03-13,,a client,WiseWay,j.hodge@wiseway.com,,1003460419,,|Jaiden|Hodge|,JAIDEN,HODGE,Jaiden Hodge,JAODGHOD,На живо,WISEWAY,6.0,0.0,0.0,2022-02-01,31-Jan-2023,,50.0,1.0,364 days,JAODGHOD|WISEWAY,5,more then one session,Радослав Иванов,,,,March,2023,Thursday,16-Mar-2023 08:45:00,13-Mar-2023,16-Mar-2023
2023-03-16 09:00:00,2023-03-16 09:50:00,Явора,Вакрилов,888510102,yavora.vakrilov@abv.bg,Swift Systems: Тренинг за лидери на живо | Leadership training in person,Веселин Стефанов | Veselin Stefanov,0.0,no,0.0,,,2023-03-07,,a trainer,,,,999585568,"2,",|Явора|Вакрилов|,YAVORA,VAKRILOV,Yavora Vakrilov,YAAKRAVO,На живо,SWIFT SYSTEMS,9999.0,0.0,0.0,2022-04-01,30-Sep-2022,,50.0,1.0,182 days,YAAKRAVO|SWIFT SYSTEMS,18,more then one session,Веселин Стефанов,,,,March,2023,Thursday,16-Mar-2023 09:00:00,07-Mar-2023,16-Mar-2023
2023-03-16 10:30:00,2023-03-16 11:20:00,Хрисо,Габровлиева,889532182,xriso.gabrovlieva@mail.bg,Swift Systems: Тренинг за лидери на живо | Leadership training in person,Веселин Стефанов | Veselin Stefanov,0.0,no,0.0,,,2023-03-09,,a trainer,,,,1001187839,"2,",|Хрисо|Габровлиева|,HRISO,GABROVLIEVA,Hriso Gabrovlieva,HRABRRIS,На живо,SWIFT SYSTEMS,9999.0,0.0,0.0,2022-04-01,30-Sep-2022,,50.0,1.0,182 days,HRABRRIS|SWIFT SYSTEMS,15,more then one session,Веселин Стефанов,,,,March,2023,Thursday,16-Mar-2023 10:30:00,09-Mar-2023,16-Mar-2023
2023-03-16 13:00:00,2023-03-16 13:50:00,Хектор,Крушовска,883528082,xektor.krushovska@mail.bg,Swift Systems: Тренинг за лидери на живо | Leadership training in person,Цветелина Петрова | Tsvetelina Petrova,0.0,no,0.0,,,2023-03-03,,a trainer,Swift Systems,x.krushovska@swift.systems.com,,997366097,,|Хектор|Крушовска|,HEKTOR,KRUSHOVSKA,Hektor Krushovska,HERUSKRU,На живо,SWIFT SYSTEMS,9999.0,0.0,0.0,2022-04-01,30-Sep-2022,,50.0,1.0,182 days,HERUSKRU|SWIFT SYSTEMS,26,more then one session,Цветелина Петрова,,,,March,2023,Thursday,16-Mar-2023 13:00:00,03-Mar-2023,16-Mar-2023
2023-03-16 15:00:00,2023-03-16 15:50:00,Чора,Кривошапкова,893552253,chora.krivoshapkova@gmail.com,Swift Systems: Тренинг за лидери на живо | Leadership training in person,Виктория Христова | Viktoriya Hristova,0.0,no,0.0,,,2023-03-09,,a trainer,,,,1001074918,"2,",|Чора|Кривошапкова|,CHORA,KRIVOSHAPKOVA,Chora Krivoshapkova,CHRIVHOR,На живо,SWIFT SYSTEMS,9999.0,0.0,0.0,2022-04-01,30-Sep-2022,,50.0,1.0,182 days,CHRIVHOR|SWIFT SYSTEMS,17,more then one session,Виктория Христова,,,,March,2023,Thursday,16-Mar-2023 15:00:00,09-Mar-2023,16-Mar-2023
2023-03-16 16:00:00,2023-03-16 16:50:00,Георги,Парашкевов,888811192,georgi.parashkevov@mail.bg,Swift Systems: Онлайн тренинг за лидери | Online leadership training,Димитър Георгиев | Dimitar Georgiev,0.0,no,0.0,,,2023-03-13,,a client,Swift Systems,g.parashkevov@swift.systems.com,,1003322409,,|Георги|Парашкевов|,GEORGI,PARASHKEVOV,Georgi Parashkevov,GEARAPAR,Онлайн,SWIFT SYSTEMS,9999.0,0.0,0.0,2022-04-01,30-Sep-2022,,50.0,1.0,182 days,GEARAPAR|SWIFT SYSTEMS,47,more then one session,Димитър Георгиев,,,,March,2023,Thursday,16-Mar-2023 16:00:00,13-Mar-2023,16-Mar-2023
2023-03-16 17:00:00,2023-03-16 17:50:00,Angela,Miranda,885521133,angela.miranda@yahoo.co.uk,Swift Systems: Тренинг за лидери на живо | Leadership training in person,Жана Иванова | Zhana Ivanova,0.0,no,0.0,,,2023-03-02,,a client,Swift Systems,a.miranda@swift.systems.com,,996600167,,|Angela|Miranda|,ANGELA,MIRANDA,Angela Miranda,ANIRAMIR,На живо,SWIFT SYSTEMS,9999.0,0.0,0.0,2022-04-01,30-Sep-2022,,50.0,1.0,182 days,ANIRAMIR|SWIFT SYSTEMS,40,more then one session,Жана Иванова,,,,March,2023,Thursday,16-Mar-2023 17:00:00,02-Mar-2023,16-Mar-2023
2023-03-16 17:00:00,2023-03-16 17:50:00,Арсена,Градинарова,892313110,arsena.gradinarova@yahoo.com,Swift Systems: Онлайн тренинг за лидери | Online leadership training,Калина Петрова | Kalina Petrova,0.0,no,0.0,,,2023-03-09,,a client,Swift Systems,a.gradinarova@swift.systems.com,,1001244196,,|Арсена|Градинарова|,ARSENA,GRADINAROVA,Arsena Gradinarova,ARRADGRA,Онлайн,SWIFT SYSTEMS,9999.0,0.0,0.0,2022-04-01,30-Sep-2022,,50.0,1.0,182 days,ARRADGRA|SWIFT SYSTEMS,6,more then one session,Калина Петрова,,,,March,2023,Thursday,16-Mar-2023 17:00:00,09-Mar-2023,16-Mar-2023
2023-03-16 17:00:00,2023-03-16 17:50:00,Звездислав,Лимонадов,883328221,zvezdislav.limonadov@mail.bg,ModernTech: Тренинг за лидери на живо | Leadership training in person,Димитър Петров | Dimitar Petrov,0.0,no,0.0,,,2023-03-10,,a client,ModernTech,z.limonadov@moderntech.com,,1002079543,,|Звездислав|Лимонадов|,ZVEZDISLAV,LIMONADOV,Zvezdislav Limonadov,ZVIMOLIM,На живо,MODERNTECH,9999.0,0.0,0.0,1920-01-01,01-Jan-1920,,40.0,1.0,0 days,ZVIMOLIM|MODERNTECH,15,more then one session,Димитър Петров,,,,March,2023,Thursday,16-Mar-2023 17:00:00,10-Mar-2023,16-Mar-2023
2023-03-16 17:30:00,2023-03-16 18:20:00,Ясен,Кьоров,359882121321,yasen.kaorov@abv.bg,Novex: Тренинг за лидери на живо | Leadership training in person,Михаил Димитров | Mihail Dimitrov,0.0,no,0.0,,,2023-03-14,,a client,Novex,y.kaorov@novex.com,,1004303606,"9,",|Ясен|Кьоров|,YASEN,KYOROV,Yasen Kyorov,YAYORKAO,На живо,NOVEX,12.0,0.0,0.0,2022-04-01,31-Mar-2023,,50.0,1.0,364 days,YAYORKAO|NOVEX,12,more then one session,Михаил Димитров,NOVEX|YAYORKAO,12.0,0.0,March,2023,Thursday,16-Mar-2023 17:30:00,14-Mar-2023,16-Mar-2023
2023-03-16 18:00:00,2023-03-16 18:50:00,Деа,Катърова,359819335218,dea.katarova@gmail.com,SunriseCorp: Тренинг за лидери на живо | Leadership training in person,Калина Петрова | Kalina Petrova,0.0,no,0.0,,,2023-02-28,,a client,SunriseCorp,d.katarova@sunrisecorp.com,,994943636,,|Деа|Катърова|,DEA,KATAROVA,Dea Katarova,DEATAKAT,На живо,SUNRISECORP,9999.0,0.0,0.0,1920-01-01,01-Jan-1920,,40.0,1.0,0 days,DEATAKAT|SUNRISECORP,2,more then one session,Калина Петрова,,,,March,2023,Thursday,16-Mar-2023 18:00:00,28-Feb-2023,16-Mar-2023
2023-03-16 18:00:00,2023-03-16 18:50:00,Божинел,Пенджакова,,bozhinel.pendzhakova@abv.bg,Онлайн коучинг,Теодора Йорданова | Teodora Yordanova,0.0,no,0.0,,,2023-03-09,,a trainer,,,,1001288022,"2,",|Божинел|Пенджакова|,BOZHINEL,PENDZHAKOVA,Bozhinel Pendzhakova,BOENDOZH,Онлайн,ОНЛАЙН КОУЧИНГ,0.0,0.0,0.0,1920-01-01,01-Jan-1920,,0.0,0.0,0 days,BOENDOZH|ОНЛАЙН КОУЧИНГ,6,more then one session,Теодора Йорданова,,,,March,2023,Thursday,16-Mar-2023 18:00:00,09-Mar-2023,16-Mar-2023
2023-03-16 19:00:00,2023-03-16 19:50:00,Isla,Bell,892301913,isla.bell@yahoo.co.uk,WiseWay: Тренинг за лидери на живо | Leadership training in person,Теодора Йорданова | Teodora Yordanova,0.0,no,0.0,,,2023-01-26,,a trainer,,,,974820922,"2,",|Isla|Bell|,ISLA,BELL,Isla Bell,ISELLSLA,На живо,WISEWAY,6.0,0.0,0.0,2022-02-01,31-Jan-2023,,50.0,1.0,364 days,ISELLSLA|WISEWAY,5,more then one session,Теодора Йорданова,,,,March,2023,Thursday,16-Mar-2023 19:00:00,26-Jan-2023,16-Mar-2023
2023-03-17 13:00:00,2023-03-17 13:50:00,Аглай,Количков,898201220,aglaj.kolichkov@mail.bg,Novex: Тренинг за лидери на живо | Leadership training in person,Веселин Стефанов | Veselin Stefanov,0.0,no,0.0,,,2023-02-24,,a client,Novex,a.kolichkov@novex.com,,992704316,,|Аглай|Количков|,AGLAY,KOLICHKOV,Aglay Kolichkov,AGOLIKOL,На живо,NOVEX,12.0,0.0,0.0,2022-04-01,31-Mar-2023,,50.0,1.0,364 days,AGOLIKOL|NOVEX,9,more then one session,Веселин Стефанов,NOVEX|AGOLIKOL,9.0,3.0,March,2023,Friday,17-Mar-2023 13:00:00,24-Feb-2023,17-Mar-2023
2023-03-17 13:00:00,2023-03-17 13:50:00,Titus,Burnett,882031320,titus.burnett@yahoo.co.uk,WiseWay: Тренинг за лидери на живо | Leadership training in person,Любомира Иванова | Lyubomira Ivanova,0.0,no,0.0,,,2023-03-14,,a client,WiseWay,t.burnett@wiseway.com,,1004215630,,|Titus|Burnett|,TITUS,BURNETT,Titus Burnett,TIURNBUR,На живо,WISEWAY,6.0,0.0,0.0,2022-02-01,31-Jan-2023,,50.0,1.0,364 days,TIURNBUR|WISEWAY,3,more then one session,Любомира Иванова,,,,March,2023,Friday,17-Mar-2023 13:00:00,14-Mar-2023,17-Mar-2023
2023-03-17 13:00:00,2023-03-17 14:30:00,Веса,Бодуров,888851103,vesa.bodurov@mail.bg,WiseWay: Онлайн коучинг сесия | Online coaching session,Стефан Митев | Stefan Mitev,0.0,no,0.0,,,2023-03-15,,a client,WiseWay,vesa.bodurov@mail.bg,"Zoom, Google Meet",1004943781,,|Веса|Бодуров|,VESA,BODUROV,Vesa Bodurov,VEODUESA,Онлайн,WISEWAY,6.0,0.0,0.0,2022-02-01,31-Jan-2023,,50.0,1.0,364 days,VEODUESA|WISEWAY,7,more then one session,Стефан Митев,,,,March,2023,Friday,17-Mar-2023 13:00:00,15-Mar-2023,17-Mar-2023
2023-03-19 13:00:00,2023-03-19 13:50:00,Айдемир,Месаров,882200011,ajdemir.mesarov@mail.bg,Novex: Тренинг за лидери на живо | Leadership training in person,Камен Георгиев | Kamen Georgiev,0.0,no,0.0,,,2023-03-06,,a client,Novex,a.mesarov@novex.com,,998816100,,|Айдемир|Месаров|,AYDEMIR,MESAROV,Aydemir Mesarov,AYESAMES,На живо,NOVEX,12.0,0.0,0.0,2022-04-01,31-Mar-2023,,50.0,1.0,364 days,AYESAMES|NOVEX,9,more then one session,Камен Георгиев,NOVEX|AYESAMES,9.0,3.0,March,2023,Sunday,19-Mar-2023 13:00:00,06-Mar-2023,19-Mar-2023
2023-03-19 14:00:00,2023-03-19 14:50:00,Инчо,Чокълтов,889331222,incho.chokaltov@yahoo.com,Zetron: Тренинг за лидери на живо | Leadership training in person,Камен Георгиев | Kamen Georgiev,0.0,no,0.0,,,2023-03-17,,a client,Zetron,i.chokaltov@zetron.com,,1006277304,,|Инчо|Чокълтов|,INCHO,CHOKALTOV,Incho Chokaltov,INHOKCHO,На живо,ZETRON,2.0,0.0,0.0,2022-06-01,31-Dec-2022,1,50.0,1.0,213 days,INHOKCHO|ZETRON,2,more then one session,Камен Георгиев,,,,March,2023,Sunday,19-Mar-2023 14:00:00,17-Mar-2023,19-Mar-2023
2023-03-20 11:00:00,2023-03-20 11:50:00,Amirah,Hood,818523212,amirah.hood@yandex.ru,ModernTech: Тренинг за лидери на живо | Leadership training in person,Калина Петрова | Kalina Petrova,0.0,no,0.0,,,2023-03-17,,a client,ModernTech,a.hood@moderntech.com,,1006271381,,|Amirah|Hood|,AMIRAH,HOOD,Amirah Hood,AMOODHOO,На живо,MODERNTECH,9999.0,0.0,0.0,1920-01-01,01-Jan-1920,,40.0,1.0,0 days,AMOODHOO|MODERNTECH,4,more then one session,Калина Петрова,,,,March,2023,Monday,20-Mar-2023 11:00:00,17-Mar-2023,20-Mar-2023
2023-03-20 14:00:00,2023-03-20 14:50:00,Titus,Burnett,882031320,titus.burnett@yahoo.co.uk,WiseWay: Онлайн тренинг за лидери | Online leadership training,Любомира Иванова | Lyubomira Ivanova,0.0,no,0.0,,,2023-03-17,,a client,WiseWay,t.burnett@wiseway.com,,1006305117,,|Titus|Burnett|,TITUS,BURNETT,Titus Burnett,TIURNBUR,Онлайн,WISEWAY,6.0,0.0,0.0,2022-02-01,31-Jan-2023,,50.0,1.0,364 days,TIURNBUR|WISEWAY,3,more then one session,Любомира Иванова,,,,March,2023,Monday,20-Mar-2023 14:00:00,17-Mar-2023,20-Mar-2023
2023-03-20 18:00:00,2023-03-20 18:50:00,Nash,Harding,359818132229,nash.harding@msn.com,ModernTech: Тренинг за лидери на живо | Leadership training in person,Калина Петрова | Kalina Petrova,0.0,no,0.0,,,2023-03-14,,a client,ModernTech,n.harding@moderntech.com,,1004221100,,|Nash|Harding|,NASH,HARDING,Nash Harding,NAARDHAR,На живо,MODERNTECH,9999.0,0.0,0.0,1920-01-01,01-Jan-1920,,40.0,1.0,0 days,NAARDHAR|MODERNTECH,23,more then one session,Калина Петрова,,,,March,2023,Monday,20-Mar-2023 18:00:00,14-Mar-2023,20-Mar-2023
2023-03-21 18:00:00,2023-03-21 18:50:00,Пейолина,Бележкова,883353102,pejolina.belezhkova@abv.bg,Swift Systems: Онлайн тренинг за лидери | Online leadership training,София Димитрова | Sofia Dimitrova,0.0,no,0.0,,,2023-03-13,,a client,Swift Systems,pejolina.belezhkova@abv.bg,,1003390412,,|Пейолина|Бележкова|,PEYOLINA,BELEZHKOVA,Peyolina Belezhkova,PEELEEJO,Онлайн,SWIFT SYSTEMS,9999.0,0.0,0.0,2022-04-01,30-Sep-2022,,50.0,1.0,182 days,PEELEEJO|SWIFT SYSTEMS,10,more then one session,София Димитрова,,,,March,2023,Tuesday,21-Mar-2023 18:00:00,13-Mar-2023,21-Mar-2023
2023-03-21 19:00:00,2023-03-21 19:50:00,Дуда,Занов,895902832,duda.zanov@mail.bg,Novex: Онлайн тренинг за лидери|Online leadership training,София Димитрова | Sofia Dimitrova,0.0,no,0.0,,,2023-03-20,,a client,Novex,d.zanov@novex.com,,1007905355,,|Дуда|Занов|,DUDA,ZANOV,Duda Zanov,DUANOZAN,Онлайн,NOVEX,12.0,0.0,0.0,2022-04-01,31-Mar-2023,,50.0,1.0,364 days,DUANOZAN|NOVEX,7,more then one session,София Димитрова,NOVEX|DUANOZAN,7.0,5.0,March,2023,Tuesday,21-Mar-2023 19:00:00,20-Mar-2023,21-Mar-2023
2023-03-22 13:30:00,2023-03-22 14:20:00,Agustin,Ashley,889332922,agustin.ashley@yahoo.co.uk,SunriseCorp: Тренинг за лидери на живо | Leadership training in person,Валентинка Петкова | Valentinaka Petkova,0.0,no,0.0,,,2023-03-15,,a client,SunriseCorp,a.ashley@sunrisecorp.com,,1004970083,,|Agustin|Ashley|,AGUSTIN,ASHLEY,Agustin Ashley,AGSHLASH,На живо,SUNRISECORP,9999.0,0.0,0.0,1920-01-01,01-Jan-1920,,40.0,1.0,0 days,AGSHLASH|SUNRISECORP,5,more then one session,Валентинка Петкова,,,,March,2023,Wednesday,22-Mar-2023 13:30:00,15-Mar-2023,22-Mar-2023
2023-03-22 16:00:00,2023-03-22 16:50:00,Авксентий,Куртажова,895129282,avksentij.kurtazhova@gmail.com,Novex: Тренинг за лидери на живо | Leadership training in person,Валентинка Петкова | Valentinaka Petkova,0.0,no,0.0,,,2023-03-20,,a client,Novex,a.kurtazhova@novex.com,,1007990523,,|Авксентий|Куртажова|,AVKSENTIY,KURTAZHOVA,Avksentiy Kurtazhova,AVURTKUR,На живо,NOVEX,12.0,0.0,0.0,2022-04-01,31-Mar-2023,,50.0,1.0,364 days,AVURTKUR|NOVEX,4,more then one session,Валентинка Петкова,NOVEX|AVURTKUR,4.0,8.0,March,2023,Wednesday,22-Mar-2023 16:00:00,20-Mar-2023,22-Mar-2023
2023-03-22 18:00:00,2023-03-22 18:50:00,Кети,Докова,893122212,keti.dokova@abv.bg,ModernTech: Онлайн тренинг за лидери | Online leadership training,София Димитрова | Sofia Dimitrova,0.0,no,0.0,,,2023-03-21,,a client,ModernTech,k.dokova@moderntech.com,,1008499866,,|Кети|Докова|,KETI,DOKOVA,Keti Dokova,KEOKODOK,Онлайн,MODERNTECH,9999.0,0.0,0.0,1920-01-01,01-Jan-1920,,40.0,1.0,0 days,KEOKODOK|MODERNTECH,7,more then one session,София Димитрова,,,,March,2023,Wednesday,22-Mar-2023 18:00:00,21-Mar-2023,22-Mar-2023
2023-03-23 08:30:00,2023-03-23 09:20:00,Jaiden,Hodge,881112112,jaiden.hodge@yahoo.co.uk,WiseWay: Тренинг за лидери на живо | Leadership training in person,Радослав Иванов | Radoslav Ivanov,0.0,no,0.0,,,2023-03-16,,client logged in asjaiden.hodge@yahoo.co.uk,WiseWay,j.hodge@wiseway.com,,1005710887,,|Jaiden|Hodge|,JAIDEN,HODGE,Jaiden Hodge,JAODGHOD,На живо,WISEWAY,6.0,0.0,0.0,2022-02-01,31-Jan-2023,,50.0,1.0,364 days,JAODGHOD|WISEWAY,5,more then one session,Радослав Иванов,,,,March,2023,Thursday,23-Mar-2023 08:30:00,16-Mar-2023,23-Mar-2023
2023-03-23 11:30:00,2023-03-23 12:20:00,Виктория,Певецова,898291921,viktoriya.pevecova@mail.bg,Novex: Тренинг за лидери на живо | Leadership training in person,Димитър Георгиев | Dimitar Georgiev,0.0,no,0.0,,,2023-03-21,,a client,Novex,v.pevecova@novex.com,,1008516872,"9,",|Виктория|Певецова|,VIKTORIYA,PEVETSOVA,Viktoriya Pevetsova,VIEVEPEV,На живо,NOVEX,12.0,0.0,0.0,2022-04-01,31-Mar-2023,,50.0,1.0,364 days,VIEVEPEV|NOVEX,15,more then one session,Димитър Георгиев,NOVEX|VIEVEPEV,15.0,-3.0,March,2023,Thursday,23-Mar-2023 11:30:00,21-Mar-2023,23-Mar-2023
2023-03-23 12:00:00,2023-03-23 12:50:00,Явора,Вакрилов,888510102,yavora.vakrilov@abv.bg,Swift Systems: Тренинг за лидери на живо | Leadership training in person,Веселин Стефанов | Veselin Stefanov,0.0,no,0.0,,,2023-03-16,,a trainer,,,,1005575340,"2,",|Явора|Вакрилов|,YAVORA,VAKRILOV,Yavora Vakrilov,YAAKRAVO,На живо,SWIFT SYSTEMS,9999.0,0.0,0.0,2022-04-01,30-Sep-2022,,50.0,1.0,182 days,YAAKRAVO|SWIFT SYSTEMS,18,more then one session,Веселин Стефанов,,,,March,2023,Thursday,23-Mar-2023 12:00:00,16-Mar-2023,23-Mar-2023
2023-03-23 15:30:00,2023-03-23 16:20:00,Чора,Кривошапкова,893552253,chora.krivoshapkova@gmail.com,Swift Systems: Тренинг за лидери на живо | Leadership training in person,Виктория Христова | Viktoriya Hristova,0.0,no,0.0,,,2023-03-16,,a trainer,,,,1005690191,"2,",|Чора|Кривошапкова|,CHORA,KRIVOSHAPKOVA,Chora Krivoshapkova,CHRIVHOR,На живо,SWIFT SYSTEMS,9999.0,0.0,0.0,2022-04-01,30-Sep-2022,,50.0,1.0,182 days,CHRIVHOR|SWIFT SYSTEMS,17,more then one session,Виктория Христова,,,,March,2023,Thursday,23-Mar-2023 15:30:00,16-Mar-2023,23-Mar-2023
2023-03-23 16:00:00,2023-03-23 16:50:00,Георги,Парашкевов,888811192,georgi.parashkevov@mail.bg,Swift Systems: Онлайн тренинг за лидери | Online leadership training,Димитър Георгиев | Dimitar Georgiev,0.0,no,0.0,,,2023-03-16,,a client,Swift Systems,g.parashkevov@swift.systems.com,,1005721159,,|Георги|Парашкевов|,GEORGI,PARASHKEVOV,Georgi Parashkevov,GEARAPAR,Онлайн,SWIFT SYSTEMS,9999.0,0.0,0.0,2022-04-01,30-Sep-2022,,50.0,1.0,182 days,GEARAPAR|SWIFT SYSTEMS,47,more then one session,Димитър Георгиев,,,,March,2023,Thursday,23-Mar-2023 16:00:00,16-Mar-2023,23-Mar-2023
2023-03-23 16:00:00,2023-03-23 16:50:00,Божинел,Пенджакова,,bozhinel.pendzhakova@abv.bg,Онлайн коучинг,Теодора Йорданова | Teodora Yordanova,0.0,no,0.0,,,2023-03-16,,a trainer,,,,1005803977,"2,",|Божинел|Пенджакова|,BOZHINEL,PENDZHAKOVA,Bozhinel Pendzhakova,BOENDOZH,Онлайн,ОНЛАЙН КОУЧИНГ,0.0,0.0,0.0,1920-01-01,01-Jan-1920,,0.0,0.0,0 days,BOENDOZH|ОНЛАЙН КОУЧИНГ,6,more then one session,Теодора Йорданова,,,,March,2023,Thursday,23-Mar-2023 16:00:00,16-Mar-2023,23-Mar-2023
2023-03-23 16:00:00,2023-03-23 16:50:00,Авксентий,Куртажова,895129282,avksentij.kurtazhova@gmail.com,Novex: Тренинг за лидери на живо | Leadership training in person,Валентинка Петкова | Valentinaka Petkova,0.0,no,0.0,,,2023-03-20,,a client,Novex,a.kurtazhova@novex.com,,1007991469,,|Авксентий|Куртажова|,AVKSENTIY,KURTAZHOVA,Avksentiy Kurtazhova,AVURTKUR,На живо,NOVEX,12.0,0.0,0.0,2022-04-01,31-Mar-2023,,50.0,1.0,364 days,AVURTKUR|NOVEX,4,more then one session,Валентинка Петкова,NOVEX|AVURTKUR,4.0,8.0,March,2023,Thursday,23-Mar-2023 16:00:00,20-Mar-2023,23-Mar-2023
2023-03-23 18:00:00,2023-03-23 18:50:00,Маргит,Татьозов,885029822,margit.tataozov@mail.bg,Agile Ideas: Онлайн тренинг за лидери | Online leadership training,Калина Петрова | Kalina Petrova,0.0,no,0.0,,,2023-03-11,,a client,Agile Ideas,m.tataozov@agile.ideas.com,,1002596119,,|Маргит|Татьозов|,MARGIT,TATYOZOV,Margit Tatyozov,MAATYTAT,Онлайн,AGILE IDEAS,9999.0,0.0,0.0,1920-01-01,01-Jan-1920,,55.0,1.0,0 days,MAATYTAT|AGILE IDEAS,2,more then one session,Калина Петрова,,,,March,2023,Thursday,23-Mar-2023 18:00:00,11-Mar-2023,23-Mar-2023
2023-03-24 12:00:00,2023-03-24 12:50:00,Мимоза,Пътечкова,883323212,mimoza.patechkova@gmail.com,Novex: Онлайн тренинг за лидери|Online leadership training,Веселин Стефанов | Veselin Stefanov,0.0,no,0.0,,,2023-03-16,,client logged in asmimoza.patechkova@gmail.com,Novex,m.patechkova@novex.com,,1005576623,"9,",|Мимоза|Пътечкова|,MIMOZA,PATECHKOVA,Mimoza Patechkova,MIATEPAT,Онлайн,NOVEX,12.0,0.0,0.0,2022-04-01,31-Mar-2023,,50.0,1.0,364 days,MIATEPAT|NOVEX,37,more then one session,Веселин Стефанов,NOVEX|MIATEPAT,37.0,-25.0,March,2023,Friday,24-Mar-2023 12:00:00,16-Mar-2023,24-Mar-2023
2023-03-24 13:00:00,2023-03-24 14:30:00,Веса,Бодуров,888851103,vesa.bodurov@mail.bg,WiseWay: Онлайн коучинг сесия | Online coaching session,Стефан Митев | Stefan Mitev,0.0,no,0.0,,,2023-03-21,,a trainer,,,,1008536473,"2,",|Веса|Бодуров|,VESA,BODUROV,Vesa Bodurov,VEODUESA,Онлайн,WISEWAY,6.0,0.0,0.0,2022-02-01,31-Jan-2023,,50.0,1.0,364 days,VEODUESA|WISEWAY,7,more then one session,Стефан Митев,,,,March,2023,Friday,24-Mar-2023 13:00:00,21-Mar-2023,24-Mar-2023
2023-03-24 14:00:00,2023-03-24 14:50:00,Фикия,Стойков,898229229,fikiya.stojkov@mail.bg,ModernTech: Тренинг за лидери на живо | Leadership training in person,Красимир Николов | Krasimir Nikolov,0.0,no,0.0,,,2023-03-20,,a client,ModernTech,f.stojkov@moderntech.com,,1007835727,,|Фикия|Стойков|,FIKIYA,STOYKOV,Fikiya Stoykov,FITOYSTO,На живо,MODERNTECH,9999.0,0.0,0.0,1920-01-01,01-Jan-1920,,40.0,1.0,0 days,FITOYSTO|MODERNTECH,1,only one session,Красимир Николов,,,,March,2023,Friday,24-Mar-2023 14:00:00,20-Mar-2023,24-Mar-2023
2023-03-24 14:00:00,2023-03-24 14:50:00,Фуга,Сланинкова,883312022,fuga.slaninkova@abv.bg,Novex: Онлайн тренинг за лидери|Online leadership training,Калина Петрова | Kalina Petrova,0.0,no,0.0,,,2023-03-23,,a client,Novex,f.slaninkova@novex.com,,1010024322,"9,",|Фуга|Сланинкова|,FUGA,SLANINKOVA,Fuga Slaninkova,FULANSLA,Онлайн,NOVEX,12.0,0.0,0.0,2022-04-01,31-Mar-2023,,50.0,1.0,364 days,FULANSLA|NOVEX,11,more then one session,Калина Петрова,NOVEX|FULANSLA,11.0,1.0,March,2023,Friday,24-Mar-2023 14:00:00,23-Mar-2023,24-Mar-2023
2023-03-24 18:00:00,2023-03-24 18:50:00,Арсена,Градинарова,892313110,arsena.gradinarova@yahoo.com,Swift Systems: Онлайн тренинг за лидери | Online leadership training,Калина Петрова | Kalina Petrova,0.0,no,0.0,,,2023-03-16,,a client,Swift Systems,a.gradinarova@swift.systems.com,,1005765480,,|Арсена|Градинарова|,ARSENA,GRADINAROVA,Arsena Gradinarova,ARRADGRA,Онлайн,SWIFT SYSTEMS,9999.0,0.0,0.0,2022-04-01,30-Sep-2022,,50.0,1.0,182 days,ARRADGRA|SWIFT SYSTEMS,6,more then one session,Калина Петрова,,,,March,2023,Friday,24-Mar-2023 18:00:00,16-Mar-2023,24-Mar-2023
2023-03-25 10:30:00,2023-03-25 11:20:00,Cristal,Chandler,898512822,cristal.chandler@yahoo.co.uk,Тренинг на живо / Training in-person,Камен Георгиев | Kamen Georgiev,0.0,no,0.0,,,2023-03-07,,a client,,c.chandler@.com,,999590798,,|Cristal|Chandler|,CRISTAL,CHANDLER,Cristal Chandler,CRHANCHA,На живо,ТРЕНИНГ НА ЖИВО,,,,,,,,,,CRHANCHA|ТРЕНИНГ НА ЖИВО,3,more then one session,Камен Георгиев,,,,March,2023,Saturday,25-Mar-2023 10:30:00,07-Mar-2023,25-Mar-2023
2023-03-25 14:00:00,2023-03-25 14:50:00,Айдемир,Месаров,882200011,ajdemir.mesarov@mail.bg,Novex: Тренинг за лидери на живо | Leadership training in person,Камен Георгиев | Kamen Georgiev,0.0,no,0.0,,,2023-03-19,,a client,Novex,a.mesarov@novex.com,,1007455822,,|Айдемир|Месаров|,AYDEMIR,MESAROV,Aydemir Mesarov,AYESAMES,На живо,NOVEX,12.0,0.0,0.0,2022-04-01,31-Mar-2023,,50.0,1.0,364 days,AYESAMES|NOVEX,9,more then one session,Камен Георгиев,NOVEX|AYESAMES,9.0,3.0,March,2023,Saturday,25-Mar-2023 14:00:00,19-Mar-2023,25-Mar-2023
2023-03-25 17:00:00,2023-03-25 17:50:00,Георгица,Чупетловска,812200201,georgica.chupetlovska@yahoo.com,SunriseCorp: Онлайн тренинг за лидери | Online leadership training,София Димитрова | Sofia Dimitrova,0.0,no,0.0,,,2023-03-21,,a client,SunriseCorp,g.chupetlovska@sunrisecorp.com,,1008495982,,|Георгица|Чупетловска|,GEORGITSA,CHUPETLOVSKA,Georgitsa Chupetlovska,GEHUPCHU,Онлайн,SUNRISECORP,9999.0,0.0,0.0,1920-01-01,01-Jan-1920,,40.0,1.0,0 days,GEHUPCHU|SUNRISECORP,3,more then one session,София Димитрова,,,,March,2023,Saturday,25-Mar-2023 17:00:00,21-Mar-2023,25-Mar-2023
2023-03-26 14:00:00,2023-03-26 14:50:00,Севда,Първанова,811091551,sevda.parvanova@abv.bg,SunriseCorp: Тренинг за лидери на живо | Leadership training in person,Камен Георгиев | Kamen Georgiev,0.0,no,0.0,,,2023-03-10,,a client,SunriseCorp,s.parvanova@sunrisecorp.com,,1001768008,,|Севда|Първанова|,SEVDA,PARVANOVA,Sevda Parvanova,SEARVPAR,На живо,SUNRISECORP,9999.0,0.0,0.0,1920-01-01,01-Jan-1920,,40.0,1.0,0 days,SEARVPAR|SUNRISECORP,3,more then one session,Камен Георгиев,,,,March,2023,Sunday,26-Mar-2023 14:00:00,10-Mar-2023,26-Mar-2023
2023-03-27 10:00:00,2023-03-27 10:50:00,Клара,Катърова,359812210222,klara.katarova@abv.bg,Novex: Онлайн тренинг за лидери|Online leadership training,Калина Петрова | Kalina Petrova,0.0,no,0.0,,,2023-03-24,,a client,Novex,k.katarova@novex.com,,1010941097,,|Клара|Катърова|,KLARA,KATAROVA,Klara Katarova,KLATAKAT,Онлайн,NOVEX,12.0,0.0,0.0,2022-04-01,31-Mar-2023,,50.0,1.0,364 days,KLATAKAT|NOVEX,8,more then one session,Калина Петрова,NOVEX|KLATAKAT,7.0,5.0,March,2023,Monday,27-Mar-2023 10:00:00,24-Mar-2023,27-Mar-2023
2023-03-27 18:00:00,2023-03-27 18:50:00,Nash,Harding,359818132229,nash.harding@msn.com,ModernTech: Тренинг за лидери на живо | Leadership training in person,Калина Петрова | Kalina Petrova,0.0,no,0.0,,,2023-03-20,,a client,ModernTech,n.harding@moderntech.com,,1008111753,,|Nash|Harding|,NASH,HARDING,Nash Harding,NAARDHAR,На живо,MODERNTECH,9999.0,0.0,0.0,1920-01-01,01-Jan-1920,,40.0,1.0,0 days,NAARDHAR|MODERNTECH,23,more then one session,Калина Петрова,,,,March,2023,Monday,27-Mar-2023 18:00:00,20-Mar-2023,27-Mar-2023
2023-03-27 18:00:00,2023-03-27 18:50:00,Mauricio,Brooks,818125925,mauricio.brooks@yandex.ru,Novex: Онлайн тренинг за лидери|Online leadership training,София Димитрова | Sofia Dimitrova,0.0,no,0.0,,,2023-03-21,,a client,Novex,mauricio.brooks@yandex.ru,,1008511995,,|Mauricio|Brooks|,MAURICIO,BROOKS,Mauricio Brooks,MAROOAUR,Онлайн,NOVEX,12.0,0.0,0.0,2022-04-01,31-Mar-2023,,50.0,1.0,364 days,MAROOAUR|NOVEX,1,only one session,София Димитрова,NOVEX|MAROOAUR,1.0,11.0,March,2023,Monday,27-Mar-2023 18:00:00,21-Mar-2023,27-Mar-2023
2023-03-28 08:30:00,2023-03-28 09:20:00,Лянка,Илиева,885201535,lyanka.ilieva@yahoo.com,Swift Systems: Тренинг за лидери на живо | Leadership training in person,Георги Михайлов | Georgi Mihaylov,0.0,no,0.0,,,2023-03-27,,a trainer,Swift Systems,l.ilieva@swift.systems.com,,1012562698,,|Лянка|Илиева|,LYANKA,ILIEVA,Lyanka Ilieva,LYLIEILI,На живо,SWIFT SYSTEMS,9999.0,0.0,0.0,2022-04-01,30-Sep-2022,,50.0,1.0,182 days,LYLIEILI|SWIFT SYSTEMS,22,more then one session,Георги Михайлов,,,,March,2023,Tuesday,28-Mar-2023 08:30:00,27-Mar-2023,28-Mar-2023
2023-03-28 09:30:00,2023-03-28 10:20:00,Щедра,Точева-Клопова,882313532,shhedra.tocheva-klopova@yahoo.com,Swift Systems: Тренинг за лидери на живо | Leadership training in person,Георги Михайлов | Georgi Mihaylov,0.0,no,0.0,,,2023-03-06,,a trainer,Swift Systems,s.tocheva-klopova@swift.systems.com,,998799735,,|Щедра|Точева-Клопова|,SHTEDRA,TOCHEVA-KLOPOVA,Shtedra Tocheva-Klopova,SHOCHTOC,На живо,SWIFT SYSTEMS,9999.0,0.0,0.0,2022-04-01,30-Sep-2022,,50.0,1.0,182 days,SHOCHTOC|SWIFT SYSTEMS,13,more then one session,Георги Михайлов,,,,March,2023,Tuesday,28-Mar-2023 09:30:00,06-Mar-2023,28-Mar-2023
2023-03-28 11:00:00,2023-03-28 11:50:00,Amirah,Hood,818523212,amirah.hood@yandex.ru,ModernTech: Тренинг за лидери на живо | Leadership training in person,Калина Петрова | Kalina Petrova,0.0,no,0.0,,,2023-03-22,,a client,ModernTech,a.hood@moderntech.com,,1009291859,,|Amirah|Hood|,AMIRAH,HOOD,Amirah Hood,AMOODHOO,На живо,MODERNTECH,9999.0,0.0,0.0,1920-01-01,01-Jan-1920,,40.0,1.0,0 days,AMOODHOO|MODERNTECH,4,more then one session,Калина Петрова,,,,March,2023,Tuesday,28-Mar-2023 11:00:00,22-Mar-2023,28-Mar-2023
2023-03-28 11:30:00,2023-03-28 12:20:00,Тоцо,Градинарова,885829252,toco.gradinarova@yahoo.com,Zetron: Онлайн тренинг за лидери | Online leadership training,Виктория Христова | Viktoriya Hristova,0.0,no,0.0,,,2023-03-24,,a client,Zetron,t.gradinarova@zetron.com,,1010896217,,|Тоцо|Градинарова|,TOTSO,GRADINAROVA,Totso Gradinarova,TORADGRA,Онлайн,ZETRON,2.0,0.0,0.0,2022-06-01,31-Dec-2022,1,50.0,1.0,213 days,TORADGRA|ZETRON,1,only one session,Виктория Христова,,,,March,2023,Tuesday,28-Mar-2023 11:30:00,24-Mar-2023,28-Mar-2023
2023-03-28 17:30:00,2023-03-28 18:20:00,Ъглен,Николов,882181103,aglen.nikolov@mail.bg,Agile Ideas: Тренинг за лидери на живо | Leadership training in person,Калина Петрова | Kalina Petrova,0.0,no,0.0,,,2023-03-27,,a client,Agile Ideas,a.nikolov@agile.ideas.com,,1012359089,,|Ъглен|Николов|,AGLEN,NIKOLOV,Aglen Nikolov,AGIKONIK,На живо,AGILE IDEAS,9999.0,0.0,0.0,1920-01-01,01-Jan-1920,,55.0,1.0,0 days,AGIKONIK|AGILE IDEAS,3,more then one session,Калина Петрова,,,,March,2023,Tuesday,28-Mar-2023 17:30:00,27-Mar-2023,28-Mar-2023
2023-03-29 09:00:00,2023-03-29 09:50:00,Пано,Габровлиева,819510022,pano.gabrovlieva@abv.bg,Novex: Онлайн тренинг за лидери|Online leadership training,Веселин Стефанов | Veselin Stefanov,0.0,no,0.0,,,2023-03-16,,a client,Novex,p.gabrovlieva@novex.com,,1005710831,,|Пано|Габровлиева|,PANO,GABROVLIEVA,Pano Gabrovlieva,PAABRGAB,Онлайн,NOVEX,12.0,0.0,0.0,2022-04-01,31-Mar-2023,,50.0,1.0,364 days,PAABRGAB|NOVEX,2,more then one session,Веселин Стефанов,NOVEX|PAABRGAB,2.0,10.0,March,2023,Wednesday,29-Mar-2023 09:00:00,16-Mar-2023,29-Mar-2023
2023-03-29 12:00:00,2023-03-29 12:50:00,Яким,Бобев,889132521,yakim.bobev@mail.bg,Swift Systems: Онлайн тренинг за лидери | Online leadership training,Георги Михайлов | Georgi Mihaylov,0.0,no,0.0,,,2023-03-01,,a client,Swift Systems,y.bobev@swift.systems.com,,995861179,,|Яким|Бобев|,YAKIM,BOBEV,Yakim Bobev,YAOBEBOB,Онлайн,SWIFT SYSTEMS,9999.0,0.0,0.0,2022-04-01,30-Sep-2022,,50.0,1.0,182 days,YAOBEBOB|SWIFT SYSTEMS,13,more then one session,Георги Михайлов,,,,March,2023,Wednesday,29-Mar-2023 12:00:00,01-Mar-2023,29-Mar-2023
2023-03-29 15:00:00,2023-03-29 15:50:00,Динна,Бележкова,359885000223,dinna.belezhkova@gmail.com,SunriseCorp: Онлайн тренинг за лидери | Online leadership training,Калина Петрова | Kalina Petrova,0.0,no,0.0,,,2023-03-27,,a client,SunriseCorp,d.belezhkova@sunrisecorp.com,,1012521763,,|Динна|Бележкова|,DINNA,BELEZHKOVA,Dinna Belezhkova,DIELEBEL,Онлайн,SUNRISECORP,9999.0,0.0,0.0,1920-01-01,01-Jan-1920,,40.0,1.0,0 days,DIELEBEL|SUNRISECORP,1,only one session,Калина Петрова,,,,March,2023,Wednesday,29-Mar-2023 15:00:00,27-Mar-2023,29-Mar-2023
2023-03-29 15:00:00,2023-03-29 15:50:00,Петрийка,Крушовска,888998028,petrijka.krushovska@mail.bg,SunriseCorp: Тренинг за лидери на живо | Leadership training in person,Валентинка Петкова | Valentinaka Petkova,0.0,no,0.0,,,2023-03-28,,a client,SunriseCorp,p.krushovska@sunrisecorp.com,,1013211457,,|Петрийка|Крушовска|,PETRIYKA,KRUSHOVSKA,Petriyka Krushovska,PERUSKRU,На живо,SUNRISECORP,9999.0,0.0,0.0,1920-01-01,01-Jan-1920,,40.0,1.0,0 days,PERUSKRU|SUNRISECORP,3,more then one session,Валентинка Петкова,,,,March,2023,Wednesday,29-Mar-2023 15:00:00,28-Mar-2023,29-Mar-2023
2023-03-29 16:00:00,2023-03-29 16:50:00,Авксентий,Куртажова,895129282,avksentij.kurtazhova@gmail.com,Novex: Тренинг за лидери на живо | Leadership training in person,Валентинка Петкова | Valentinaka Petkova,0.0,no,0.0,,,2023-03-23,,a client,Novex,a.kurtazhova@novex.com,,1009777746,,|Авксентий|Куртажова|,AVKSENTIY,KURTAZHOVA,Avksentiy Kurtazhova,AVURTKUR,На живо,NOVEX,12.0,0.0,0.0,2022-04-01,31-Mar-2023,,50.0,1.0,364 days,AVURTKUR|NOVEX,4,more then one session,Валентинка Петкова,NOVEX|AVURTKUR,4.0,8.0,March,2023,Wednesday,29-Mar-2023 16:00:00,23-Mar-2023,29-Mar-2023
2023-03-29 16:00:00,2023-03-29 16:50:00,Хрисо,Габровлиева,889532182,xriso.gabrovlieva@mail.bg,Swift Systems: Тренинг за лидери на живо | Leadership training in person,Веселин Стефанов | Veselin Stefanov,0.0,no,0.0,,,2023-03-28,,a trainer,,,,1013209948,"2,",|Хрисо|Габровлиева|,HRISO,GABROVLIEVA,Hriso Gabrovlieva,HRABRRIS,На живо,SWIFT SYSTEMS,9999.0,0.0,0.0,2022-04-01,30-Sep-2022,,50.0,1.0,182 days,HRABRRIS|SWIFT SYSTEMS,15,more then one session,Веселин Стефанов,,,,March,2023,Wednesday,29-Mar-2023 16:00:00,28-Mar-2023,29-Mar-2023
2023-03-29 16:30:00,2023-03-29 17:20:00,Захаринка,Многознаева,888102255,zaxarinka.mnogoznaeva@yahoo.com,Swift Systems: Тренинг за лидери на живо | Leadership training in person,Цветелина Петрова | Tsvetelina Petrova,0.0,no,0.0,,,2023-03-24,,a trainer,Swift Systems,z.mnogoznaeva@swift.systems.com,,1010803533,,|Захаринка|Многознаева|,ZAHARINKA,MNOGOZNAEVA,Zaharinka Mnogoznaeva,ZANOGMNO,На живо,SWIFT SYSTEMS,9999.0,0.0,0.0,2022-04-01,30-Sep-2022,,50.0,1.0,182 days,ZANOGMNO|SWIFT SYSTEMS,24,more then one session,Цветелина Петрова,,,,March,2023,Wednesday,29-Mar-2023 16:30:00,24-Mar-2023,29-Mar-2023
2023-03-29 17:00:00,2023-03-29 17:50:00,Звездислав,Лимонадов,883328221,zvezdislav.limonadov@mail.bg,ModernTech: Тренинг за лидери на живо | Leadership training in person,Димитър Петров | Dimitar Petrov,0.0,no,0.0,,,2023-03-05,,a client,ModernTech,z.limonadov@moderntech.com,,998454711,,|Звездислав|Лимонадов|,ZVEZDISLAV,LIMONADOV,Zvezdislav Limonadov,ZVIMOLIM,На живо,MODERNTECH,9999.0,0.0,0.0,1920-01-01,01-Jan-1920,,40.0,1.0,0 days,ZVIMOLIM|MODERNTECH,15,more then one session,Димитър Петров,,,,March,2023,Wednesday,29-Mar-2023 17:00:00,05-Mar-2023,29-Mar-2023
2023-03-29 18:00:00,2023-03-29 18:50:00,Арсена,Градинарова,892313110,arsena.gradinarova@yahoo.com,Swift Systems: Онлайн тренинг за лидери | Online leadership training,Калина Петрова | Kalina Petrova,0.0,no,0.0,,,2023-03-24,,a client,Swift Systems,a.gradinarova@swift.systems.com,,1011040664,,|Арсена|Градинарова|,ARSENA,GRADINAROVA,Arsena Gradinarova,ARRADGRA,Онлайн,SWIFT SYSTEMS,9999.0,0.0,0.0,2022-04-01,30-Sep-2022,,50.0,1.0,182 days,ARRADGRA|SWIFT SYSTEMS,6,more then one session,Калина Петрова,,,,March,2023,Wednesday,29-Mar-2023 18:00:00,24-Mar-2023,29-Mar-2023
2023-03-30 08:30:00,2023-03-30 09:20:00,Стоимена,Кукуряшков,889133322,stoimena.kukuryashkov@abv.bg,Swift Systems: Тренинг за лидери на живо | Leadership training in person,Георги Михайлов | Georgi Mihaylov,0.0,no,0.0,,,2023-03-28,,a trainer,Swift Systems,s.kukuryashkov@swift.systems.com,,1013181999,,|Стоимена|Кукуряшков|,STOIMENA,KUKURYASHKOV,Stoimena Kukuryashkov,STUKUKUK,На живо,SWIFT SYSTEMS,9999.0,0.0,0.0,2022-04-01,30-Sep-2022,,50.0,1.0,182 days,STUKUKUK|SWIFT SYSTEMS,21,more then one session,Георги Михайлов,,,,March,2023,Thursday,30-Mar-2023 08:30:00,28-Mar-2023,30-Mar-2023
2023-03-30 08:45:00,2023-03-30 09:35:00,Jaiden,Hodge,881112112,jaiden.hodge@yahoo.co.uk,WiseWay: Тренинг за лидери на живо | Leadership training in person,Радослав Иванов | Radoslav Ivanov,0.0,no,0.0,,,2023-03-28,,client logged in asjaiden.hodge@yahoo.co.uk,WiseWay,j.hodge@wiseway.com,,1013183178,,|Jaiden|Hodge|,JAIDEN,HODGE,Jaiden Hodge,JAODGHOD,На живо,WISEWAY,6.0,0.0,0.0,2022-02-01,31-Jan-2023,,50.0,1.0,364 days,JAODGHOD|WISEWAY,5,more then one session,Радослав Иванов,,,,March,2023,Thursday,30-Mar-2023 08:45:00,28-Mar-2023,30-Mar-2023
2023-03-30 09:30:00,2023-03-30 10:20:00,Чора,Кривошапкова,893552253,chora.krivoshapkova@gmail.com,Swift Systems: Тренинг за лидери на живо | Leadership training in person,Виктория Христова | Viktoriya Hristova,0.0,no,0.0,,,2023-03-23,,a trainer,,,,1010406231,"2,",|Чора|Кривошапкова|,CHORA,KRIVOSHAPKOVA,Chora Krivoshapkova,CHRIVHOR,На живо,SWIFT SYSTEMS,9999.0,0.0,0.0,2022-04-01,30-Sep-2022,,50.0,1.0,182 days,CHRIVHOR|SWIFT SYSTEMS,17,more then one session,Виктория Христова,,,,March,2023,Thursday,30-Mar-2023 09:30:00,23-Mar-2023,30-Mar-2023
2023-03-30 09:30:00,2023-03-30 10:20:00,Дуда,Бележкова,885921292,duda.belezhkova@abv.bg,Swift Systems: Тренинг за лидери на живо | Leadership training in person,Георги Михайлов | Georgi Mihaylov,0.0,no,0.0,,,2023-03-28,,a trainer,Swift Systems,d.belezhkova@swift.systems.com,,1013182126,,|Дуда|Бележкова|,DUDA,BELEZHKOVA,Duda Belezhkova,DUELEBEL,На живо,SWIFT SYSTEMS,9999.0,0.0,0.0,2022-04-01,30-Sep-2022,,50.0,1.0,182 days,DUELEBEL|SWIFT SYSTEMS,21,more then one session,Георги Михайлов,,,,March,2023,Thursday,30-Mar-2023 09:30:00,28-Mar-2023,30-Mar-2023
2023-03-30 10:30:00,2023-03-30 11:20:00,Мимоза,Пътечкова,883323212,mimoza.patechkova@gmail.com,Novex: Онлайн тренинг за лидери|Online leadership training,Веселин Стефанов | Veselin Stefanov,0.0,no,0.0,,,2023-03-16,,client logged in asmimoza.patechkova@gmail.com,Novex,m.patechkova@novex.com,,1005576830,"9,",|Мимоза|Пътечкова|,MIMOZA,PATECHKOVA,Mimoza Patechkova,MIATEPAT,Онлайн,NOVEX,12.0,0.0,0.0,2022-04-01,31-Mar-2023,,50.0,1.0,364 days,MIATEPAT|NOVEX,37,more then one session,Веселин Стефанов,NOVEX|MIATEPAT,37.0,-25.0,March,2023,Thursday,30-Mar-2023 10:30:00,16-Mar-2023,30-Mar-2023
2023-03-30 11:30:00,2023-03-30 12:20:00,Илиян,Ментешев,882112812,iliyan.menteshev@abv.bg,Swift Systems: Тренинг за лидери на живо | Leadership training in person,Георги Михайлов | Georgi Mihaylov,0.0,no,0.0,,,2023-03-06,,a trainer,Swift Systems,i.menteshev@swift.systems.com,,998799604,,|Илиян|Ментешев|,ILIYAN,MENTESHEV,Iliyan Menteshev,ILENTMEN,На живо,SWIFT SYSTEMS,9999.0,0.0,0.0,2022-04-01,30-Sep-2022,,50.0,1.0,182 days,ILENTMEN|SWIFT SYSTEMS,16,more then one session,Георги Михайлов,,,,March,2023,Thursday,30-Mar-2023 11:30:00,06-Mar-2023,30-Mar-2023
2023-03-30 13:00:00,2023-03-30 13:50:00,Хектор,Крушовска,883528082,xektor.krushovska@mail.bg,Swift Systems: Онлайн тренинг за лидери | Online leadership training,Цветелина Петрова | Tsvetelina Petrova,0.0,no,0.0,,,2023-03-24,,a trainer,Swift Systems,x.krushovska@swift.systems.com,,1010803974,,|Хектор|Крушовска|,HEKTOR,KRUSHOVSKA,Hektor Krushovska,HERUSKRU,Онлайн,SWIFT SYSTEMS,9999.0,0.0,0.0,2022-04-01,30-Sep-2022,,50.0,1.0,182 days,HERUSKRU|SWIFT SYSTEMS,26,more then one session,Цветелина Петрова,,,,March,2023,Thursday,30-Mar-2023 13:00:00,24-Mar-2023,30-Mar-2023
2023-03-30 13:30:00,2023-03-30 14:20:00,Ayaan,Conrad,898182235,ayaan.conrad@gmail.com,SunriseCorp: Онлайн тренинг за лидери | Online leadership training,Николина Георгиева | Nikolina Georgieva,0.0,no,0.0,,,2023-02-28,,a client,SunriseCorp,a.conrad@sunrisecorp.com,"Zoom, Skype",994983272,,|Ayaan|Conrad|,AYAAN,CONRAD,Ayaan Conrad,AYONRCON,Онлайн,SUNRISECORP,9999.0,0.0,0.0,1920-01-01,01-Jan-1920,,40.0,1.0,0 days,AYONRCON|SUNRISECORP,1,only one session,Николина Георгиева,,,,March,2023,Thursday,30-Mar-2023 13:30:00,28-Feb-2023,30-Mar-2023
2023-03-30 16:00:00,2023-03-30 16:50:00,Георги,Парашкевов,888811192,georgi.parashkevov@mail.bg,Swift Systems: Онлайн тренинг за лидери | Online leadership training,Димитър Георгиев | Dimitar Georgiev,0.0,no,0.0,,,2023-03-23,,a client,Swift Systems,g.parashkevov@swift.systems.com,,1010204301,,|Георги|Парашкевов|,GEORGI,PARASHKEVOV,Georgi Parashkevov,GEARAPAR,Онлайн,SWIFT SYSTEMS,9999.0,0.0,0.0,2022-04-01,30-Sep-2022,,50.0,1.0,182 days,GEARAPAR|SWIFT SYSTEMS,47,more then one session,Димитър Георгиев,,,,March,2023,Thursday,30-Mar-2023 16:00:00,23-Mar-2023,30-Mar-2023
2023-03-30 18:00:00,2023-03-30 18:50:00,Гико,Пондьов,892821911,giko.pondaov@abv.bg,Swift Systems: Тренинг за лидери на живо | Leadership training in person,Димитър Петров | Dimitar Petrov,0.0,no,0.0,,,2023-03-07,,a client,Swift Systems,g.pondaov@swift.systems.com,,999684116,,|Гико|Пондьов|,GIKO,PONDYOV,Giko Pondyov,GIONDPON,На живо,SWIFT SYSTEMS,9999.0,0.0,0.0,2022-04-01,30-Sep-2022,,50.0,1.0,182 days,GIONDPON|SWIFT SYSTEMS,27,more then one session,Димитър Петров,,,,March,2023,Thursday,30-Mar-2023 18:00:00,07-Mar-2023,30-Mar-2023
2023-03-30 19:00:00,2023-03-30 19:50:00,Mckenna,Abbott,883502982,mckenna.abbott@gmail.com,Agile Ideas: Онлайн тренинг за лидери | Online leadership training,София Димитрова | Sofia Dimitrova,0.0,no,0.0,,,2023-03-29,,a client,Agile Ideas,mckenna.abbott@gmail.com,,1014132932,,|Mckenna|Abbott|,MCKENNA,ABBOTT,Mckenna Abbott,MCBBOCKE,Онлайн,AGILE IDEAS,9999.0,0.0,0.0,1920-01-01,01-Jan-1920,,55.0,1.0,0 days,MCBBOCKE|AGILE IDEAS,2,more then one session,София Димитрова,,,,March,2023,Thursday,30-Mar-2023 19:00:00,29-Mar-2023,30-Mar-2023
2023-03-31 12:00:00,2023-03-31 12:50:00,Клара,Катърова,359812210222,klara.katarova@abv.bg,Novex: Онлайн тренинг за лидери|Online leadership training,Калина Петрова | Kalina Petrova,0.0,no,0.0,,,2023-03-30,,client logged in asklara.katarova@abv.bg,Novex,k.katarova@novex.com,,1014698240,,|Клара|Катърова|,KLARA,KATAROVA,Klara Katarova,KLATAKAT,Онлайн,NOVEX,12.0,0.0,0.0,2022-04-01,31-Mar-2023,,50.0,1.0,364 days,KLATAKAT|NOVEX,8,more then one session,Калина Петрова,,,,March,2023,Friday,31-Mar-2023 12:00:00,30-Mar-2023,31-Mar-2023
2023-03-31 14:00:00,2023-03-31 14:50:00,Titus,Burnett,882031320,titus.burnett@yahoo.co.uk,WiseWay: Онлайн тренинг за лидери | Online leadership training,Любомира Иванова | Lyubomira Ivanova,0.0,no,0.0,,,2023-03-21,,a client,WiseWay,t.burnett@wiseway.com,,1008476044,,|Titus|Burnett|,TITUS,BURNETT,Titus Burnett,TIURNBUR,Онлайн,WISEWAY,6.0,0.0,0.0,2022-02-01,31-Jan-2023,,50.0,1.0,364 days,TIURNBUR|WISEWAY,3,more then one session,Любомира Иванова,,,,March,2023,Friday,31-Mar-2023 14:00:00,21-Mar-2023,31-Mar-2023
